FECHA,PAÍS,DEPARTAMENTO,MUNICIPIO,DELITO,PAIS VÍCTIMA,GENERO,ZONA,CIRCUNSTANCIASPERSONA
2022-01-01T00:00:00.000,COLOMBIA,MAGDALENA,Santa Marta (CT),ARTÍCULO 239. HURTO PERSONAS,COLOMBIA,FEMENINO,URBANA,COLOMBIA
2022-01-01T00:00:00.000,COLOMBIA,MAGDALENA,Santa Marta (CT),ARTÍCULO 239. HURTO PERSONAS,COLOMBIA,MASCULINO,URBANA,COLOMBIA
2022-01-01T00:00:00.000,COLOMBIA,MAGDALENA,Santa Marta (CT),ARTÍCULO 239. HURTO PERSONAS,COLOMBIA,MASCULINO,URBANA,COLOMBIA
2022-01-02T00:00:00.000,COLOMBIA,ANTIOQUIA,Medellín (CT),ARTÍCULO 239. HURTO PERSONAS,CHINA,MASCULINO,URBANA,CHINA
2022-01-03T00:00:00.000,COLOMBIA,MAGDALENA,Santa Marta (CT),ARTÍCULO 239. HURTO PERSONAS,COLOMBIA,MASCULINO,URBANA,COLOMBIA
2022-01-03T00:00:00.000,COLOMBIA,SUCRE,Santiago de Tolú,ARTÍCULO 239. HURTO PERSONAS,COLOMBIA,FEMENINO,URBANA,COLOMBIA
2022-01-05T00:00:00.000,COLOMBIA,ANTIOQUIA,Medellín (CT),ARTÍCULO 239. HURTO PERSONAS,ESTADOS UNIDOS,MASCULINO,URBANA,ESTADOS UNIDOS
2022-01-05T00:00:00.000,COLOMBIA,SUCRE,Coveñas,ARTÍCULO 239. HURTO PERSONAS,COLOMBIA,FEMENINO,URBANA,COLOMBIA
2022-01-05T00:00:00.000,COLOMBIA,SUCRE,Coveñas,ARTÍCULO 239. HURTO PERSONAS,COLOMBIA,MASCULINO,URBANA,COLOMBIA
2022-01-05T00:00:00.000,COLOMBIA,SUCRE,Santiago de Tolú,ARTÍCULO 239. HURTO PERSONAS,COLOMBIA,MASCULINO,URBANA,COLOMBIA
2022-01-06T00:00:00.000,COLOMBIA,MAGDALENA,Santa Marta (CT),MUERTE ACCIDENTAL,COLOMBIA,FEMENINO,RURAL,COLOMBIA
2022-01-06T00:00:00.000,COLOMBIA,SUCRE,Coveñas,ARTÍCULO 239. HURTO PERSONAS,COLOMBIA,FEMENINO,URBANA,COLOMBIA
2022-01-07T00:00:00.000,COLOMBIA,GUAJIRA,Uribia,ARTÍCULO 239. HURTO PERSONAS,COLOMBIA,MASCULINO,RURAL,COLOMBIA
2022-01-07T00:00:00.000,COLOMBIA,MAGDALENA,Santa Marta (CT),ARTÍCULO 239. HURTO PERSONAS,COLOMBIA,FEMENINO,URBANA,COLOMBIA
2022-01-07T00:00:00.000,COLOMBIA,MAGDALENA,Santa Marta (CT),ARTÍCULO 239. HURTO PERSONAS,COLOMBIA,MASCULINO,URBANA,COLOMBIA
2022-01-07T00:00:00.000,COLOMBIA,MAGDALENA,Santa Marta (CT),ARTÍCULO 239. HURTO PERSONAS,-,FEMENINO,URBANA,-
2022-01-07T00:00:00.000,COLOMBIA,MAGDALENA,Santa Marta (CT),SUICIDIO,COLOMBIA,MASCULINO,URBANA,COLOMBIA
2022-01-09T00:00:00.000,COLOMBIA,META,Villavicencio (CT),ARTÍCULO 239. HURTO PERSONAS,COLOMBIA,FEMENINO,URBANA,COLOMBIA
2022-01-10T00:00:00.000,COLOMBIA,MAGDALENA,Ciénaga,ARTÍCULO 239. HURTO PERSONAS,COLOMBIA,MASCULINO,URBANA,COLOMBIA
2022-01-10T00:00:00.000,COLOMBIA,MAGDALENA,Santa Marta (CT),ARTÍCULO 239. HURTO PERSONAS,COLOMBIA,FEMENINO,URBANA,COLOMBIA
2022-01-10T00:00:00.000,COLOMBIA,TOLIMA,Lérida,CHOQUE SIMPLE (SOLO DAÑO TRANSITO),ALEMANIA,MASCULINO,RURAL,ALEMANIA
2022-01-10T00:00:00.000,COLOMBIA,TOLIMA,Lérida,ELABORACION DE CROQUIS EN C Y T,ALEMANIA,MASCULINO,RURAL,ALEMANIA
2022-01-13T00:00:00.000,COLOMBIA,MAGDALENA,Santa Marta (CT),ARTÍCULO 239. HURTO PERSONAS,COLOMBIA,FEMENINO,URBANA,COLOMBIA
2022-01-13T00:00:00.000,COLOMBIA,MAGDALENA,Santa Marta (CT),ARTÍCULO 239. HURTO PERSONAS,COLOMBIA,MASCULINO,URBANA,COLOMBIA
2022-01-14T00:00:00.000,COLOMBIA,MAGDALENA,Ciénaga,ARTÍCULO 239. HURTO PERSONAS,COLOMBIA,MASCULINO,RURAL,COLOMBIA
2022-01-14T00:00:00.000,COLOMBIA,MAGDALENA,Santa Marta (CT),ARTÍCULO 239. HURTO PERSONAS,COLOMBIA,FEMENINO,URBANA,COLOMBIA
2022-01-14T00:00:00.000,COLOMBIA,MAGDALENA,Santa Marta (CT),MUERTE ACCIDENTAL,COLOMBIA,FEMENINO,URBANA,COLOMBIA
2022-01-15T00:00:00.000,COLOMBIA,MAGDALENA,Santa Marta (CT),MUERTE NATURAL,ARGENTINA,MASCULINO,URBANA,ARGENTINA
2022-01-16T00:00:00.000,COLOMBIA,MAGDALENA,Santa Marta (CT),ARTÍCULO 239. HURTO PERSONAS,COLOMBIA,MASCULINO,URBANA,COLOMBIA
2022-01-17T00:00:00.000,COLOMBIA,BOLÍVAR,Cartagena (CT),ARTÍCULO 239. HURTO PERSONAS,PERU,MASCULINO,URBANA,PERU
2022-01-17T00:00:00.000,COLOMBIA,MAGDALENA,Santa Marta (CT),ARTÍCULO 239. HURTO PERSONAS,COLOMBIA,MASCULINO,URBANA,COLOMBIA
2022-01-17T00:00:00.000,COLOMBIA,SUCRE,Santiago de Tolú,ARTÍCULO 239. HURTO PERSONAS,COLOMBIA,FEMENINO,URBANA,COLOMBIA
2022-01-18T00:00:00.000,COLOMBIA,MAGDALENA,Santa Marta (CT),ARTÍCULO 239. HURTO PERSONAS,CHILE,MASCULINO,URBANA,CHILE
2022-01-19T00:00:00.000,COLOMBIA,MAGDALENA,Santa Marta (CT),ARTÍCULO 239. HURTO PERSONAS,COLOMBIA,FEMENINO,URBANA,COLOMBIA
2022-01-21T00:00:00.000,COLOMBIA,ANTIOQUIA,Medellín (CT),ARTÍCULO 206. ACTO SEXUAL VIOLENTO,CHILE,FEMENINO,URBANA,CHILE
2022-01-21T00:00:00.000,COLOMBIA,ANTIOQUIA,Medellín (CT),ARTÍCULO 239. HURTO PERSONAS,MEXICO,MASCULINO,URBANA,MEXICO
2022-01-21T00:00:00.000,COLOMBIA,ANTIOQUIA,Medellín (CT),ARTÍCULO 239. HURTO RESIDENCIAS,-,MASCULINO,URBANA,-
2022-01-21T00:00:00.000,COLOMBIA,MAGDALENA,Santa Marta (CT),ARTÍCULO 239. HURTO PERSONAS,COLOMBIA,MASCULINO,URBANA,COLOMBIA
2022-01-21T00:00:00.000,COLOMBIA,MAGDALENA,Santa Marta (CT),ARTÍCULO 239. HURTO PERSONAS,VENEZUELA,FEMENINO,URBANA,VENEZUELA
2022-01-21T00:00:00.000,COLOMBIA,MAGDALENA,Santa Marta (CT),RECUPERACION,COLOMBIA,MASCULINO,URBANA,COLOMBIA
2022-01-22T00:00:00.000,COLOMBIA,SUCRE,Santiago de Tolú,LEVANTAMIENTO DE CADAVERES,COLOMBIA,MASCULINO,RURAL,COLOMBIA
2022-01-22T00:00:00.000,COLOMBIA,SUCRE,Santiago de Tolú,MUERTE ACCIDENTAL,COLOMBIA,MASCULINO,RURAL,COLOMBIA
2022-01-23T00:00:00.000,COLOMBIA,MAGDALENA,Santa Marta (CT),ARTÍCULO 239. HURTO PERSONAS,COLOMBIA,MASCULINO,URBANA,COLOMBIA
2022-01-23T00:00:00.000,COLOMBIA,MAGDALENA,Santa Marta (CT),ARTÍCULO 239. HURTO PERSONAS,COLOMBIA,MASCULINO,URBANA,COLOMBIA
2022-01-24T00:00:00.000,COLOMBIA,ANTIOQUIA,Medellín (CT),ARTÍCULO 239. HURTO PERSONAS,BELGICA,MASCULINO,URBANA,BELGICA
2022-01-24T00:00:00.000,COLOMBIA,ANTIOQUIA,Medellín (CT),ARTÍCULO 239. HURTO PERSONAS,ESTADOS UNIDOS,MASCULINO,URBANA,ESTADOS UNIDOS
2022-01-24T00:00:00.000,COLOMBIA,HUILA,Garzón,ARTÍCULO 239. HURTO PERSONAS,FRANCIA,MASCULINO,URBANA,FRANCIA
2022-01-24T00:00:00.000,COLOMBIA,SUCRE,Ovejas,ARTÍCULO 239. HURTO PERSONAS,FRANCIA,FEMENINO,URBANA,FRANCIA
2022-01-25T00:00:00.000,COLOMBIA,ANTIOQUIA,Medellín (CT),ARTÍCULO 239. HURTO PERSONAS,AUSTRALIA,MASCULINO,URBANA,AUSTRALIA
2022-01-25T00:00:00.000,COLOMBIA,MAGDALENA,Santa Marta (CT),ARTÍCULO 239. HURTO PERSONAS,COLOMBIA,MASCULINO,URBANA,COLOMBIA
2022-01-27T00:00:00.000,COLOMBIA,MAGDALENA,Santa Marta (CT),ARTÍCULO 239. HURTO PERSONAS,COLOMBIA,FEMENINO,URBANA,COLOMBIA
2022-01-27T00:00:00.000,COLOMBIA,MAGDALENA,Santa Marta (CT),ARTÍCULO 239. HURTO PERSONAS,FRANCIA,FEMENINO,URBANA,FRANCIA
2022-01-28T00:00:00.000,COLOMBIA,MAGDALENA,Santa Marta (CT),ARTÍCULO 239. HURTO PERSONAS,COLOMBIA,MASCULINO,URBANA,COLOMBIA
2022-01-29T00:00:00.000,COLOMBIA,ANTIOQUIA,Medellín (CT),ARTÍCULO 239. HURTO PERSONAS,ARABIA SAUDI,MASCULINO,URBANA,ARABIA SAUDI
2022-01-29T00:00:00.000,COLOMBIA,ANTIOQUIA,Medellín (CT),ARTÍCULO 239. HURTO PERSONAS,IRAN,MASCULINO,URBANA,IRAN
2022-01-29T00:00:00.000,COLOMBIA,ANTIOQUIA,Medellín (CT),INSPECCION A CADAVER,BRASIL,MASCULINO,URBANA,BRASIL
2022-01-29T00:00:00.000,COLOMBIA,ANTIOQUIA,Medellín (CT),MUERTE POR ESTABLECER,BRASIL,MASCULINO,URBANA,BRASIL
2022-01-29T00:00:00.000,COLOMBIA,MAGDALENA,Santa Marta (CT),ARTÍCULO 239. HURTO PERSONAS,COLOMBIA,FEMENINO,URBANA,COLOMBIA
2022-01-29T00:00:00.000,COLOMBIA,MAGDALENA,Santa Marta (CT),SUICIDIO,COLOMBIA,MASCULINO,URBANA,COLOMBIA
2022-01-30T00:00:00.000,COLOMBIA,BOLÍVAR,Cartagena (CT),ARTÍCULO 239. HURTO PERSONAS,VENEZUELA,MASCULINO,URBANA,VENEZUELA
2022-01-30T00:00:00.000,COLOMBIA,MAGDALENA,Santa Marta (CT),ARTÍCULO 239. HURTO PERSONAS,COLOMBIA,FEMENINO,URBANA,COLOMBIA
2022-01-30T00:00:00.000,COLOMBIA,MAGDALENA,Santa Marta (CT),ARTÍCULO 239. HURTO PERSONAS,COLOMBIA,FEMENINO,URBANA,COLOMBIA
2022-01-31T00:00:00.000,COLOMBIA,BOLÍVAR,Cartagena (CT),ARTÍCULO 239. HURTO PERSONAS,VENEZUELA,MASCULINO,URBANA,VENEZUELA
2022-02-02T00:00:00.000,COLOMBIA,MAGDALENA,Santa Marta (CT),ARTÍCULO 239. HURTO PERSONAS,COLOMBIA,FEMENINO,URBANA,COLOMBIA
2022-02-03T00:00:00.000,COLOMBIA,ANTIOQUIA,Medellín (CT),ARTÍCULO 239. HURTO PERSONAS,BELGICA,FEMENINO,URBANA,BELGICA
2022-02-03T00:00:00.000,COLOMBIA,HUILA,San Agustín,ARTÍCULO 239. HURTO RESIDENCIAS,LIBANO,MASCULINO,RURAL,LIBANO
2022-02-03T00:00:00.000,COLOMBIA,MAGDALENA,Santa Marta (CT),ARTÍCULO 239. HURTO PERSONAS,HOLANDA,MASCULINO,URBANA,HOLANDA
2022-02-03T00:00:00.000,COLOMBIA,MAGDALENA,Santa Marta (CT),ARTÍCULO 239. HURTO PERSONAS,JAPON,MASCULINO,URBANA,JAPON
2022-02-05T00:00:00.000,COLOMBIA,MAGDALENA,Santa Marta (CT),ARTÍCULO 239. HURTO PERSONAS,COLOMBIA,FEMENINO,URBANA,COLOMBIA
2022-02-05T00:00:00.000,COLOMBIA,MAGDALENA,Santa Marta (CT),ARTÍCULO 239. HURTO PERSONAS,COLOMBIA,MASCULINO,URBANA,COLOMBIA
2022-02-07T00:00:00.000,COLOMBIA,MAGDALENA,Santa Marta (CT),ARTÍCULO 239. HURTO PERSONAS,COLOMBIA,FEMENINO,URBANA,COLOMBIA
2022-02-08T00:00:00.000,COLOMBIA,BOLÍVAR,Cartagena (CT),ARTÍCULO 239. HURTO PERSONAS,HOLANDA,FEMENINO,URBANA,HOLANDA
2022-02-08T00:00:00.000,COLOMBIA,BOLÍVAR,Cartagena (CT),ARTÍCULO 239. HURTO PERSONAS,VENEZUELA,FEMENINO,URBANA,VENEZUELA
2022-02-08T00:00:00.000,COLOMBIA,MAGDALENA,Santa Marta (CT),ARTÍCULO 239. HURTO PERSONAS,COLOMBIA,FEMENINO,RURAL,COLOMBIA
2022-02-08T00:00:00.000,COLOMBIA,MAGDALENA,Santa Marta (CT),ARTÍCULO 239. HURTO PERSONAS,COLOMBIA,FEMENINO,URBANA,COLOMBIA
2022-02-09T00:00:00.000,COLOMBIA,MAGDALENA,Santa Marta (CT),ARTÍCULO 239. HURTO PERSONAS,ARGENTINA,FEMENINO,URBANA,ARGENTINA
2022-02-09T00:00:00.000,COLOMBIA,MAGDALENA,Santa Marta (CT),ARTÍCULO 239. HURTO PERSONAS,COLOMBIA,MASCULINO,RURAL,COLOMBIA
2022-02-11T00:00:00.000,COLOMBIA,ANTIOQUIA,Medellín (CT),ARTÍCULO 239. HURTO PERSONAS,COLOMBIA,FEMENINO,URBANA,COLOMBIA
2022-02-12T00:00:00.000,COLOMBIA,BOLÍVAR,Cartagena (CT),ARTÍCULO 239. HURTO PERSONAS,VENEZUELA,MASCULINO,URBANA,VENEZUELA
2022-02-12T00:00:00.000,COLOMBIA,MAGDALENA,Santa Marta (CT),ARTÍCULO 239. HURTO PERSONAS,COLOMBIA,FEMENINO,RURAL,COLOMBIA
2022-02-13T00:00:00.000,COLOMBIA,MAGDALENA,Santa Marta (CT),ARTÍCULO 239. HURTO PERSONAS,COLOMBIA,MASCULINO,URBANA,COLOMBIA
2022-02-13T00:00:00.000,COLOMBIA,SUCRE,Coveñas,ARTÍCULO 239. HURTO PERSONAS,COLOMBIA,FEMENINO,URBANA,COLOMBIA
2022-02-13T00:00:00.000,COLOMBIA,SUCRE,Coveñas,ARTÍCULO 239. HURTO PERSONAS,COLOMBIA,MASCULINO,URBANA,COLOMBIA
2022-02-14T00:00:00.000,COLOMBIA,MAGDALENA,Santa Marta (CT),ARTÍCULO 239. HURTO PERSONAS,COLOMBIA,FEMENINO,URBANA,COLOMBIA
2022-02-15T00:00:00.000,COLOMBIA,MAGDALENA,Santa Marta (CT),ARTÍCULO 239. HURTO PERSONAS,COLOMBIA,MASCULINO,URBANA,COLOMBIA
2022-02-16T00:00:00.000,COLOMBIA,MAGDALENA,Santa Marta (CT),ARTÍCULO 239. HURTO PERSONAS,COLOMBIA,MASCULINO,URBANA,COLOMBIA
2022-02-16T00:00:00.000,COLOMBIA,MAGDALENA,Santa Marta (CT),ARTÍCULO 239. HURTO PERSONAS,COLOMBIA,MASCULINO,URBANA,COLOMBIA
2022-02-18T00:00:00.000,COLOMBIA,ANTIOQUIA,Medellín (CT),ARTÍCULO 239. HURTO PERSONAS,ESTADOS UNIDOS,MASCULINO,URBANA,ESTADOS UNIDOS
2022-02-18T00:00:00.000,COLOMBIA,MAGDALENA,Santa Marta (CT),ARTÍCULO 239. HURTO PERSONAS,CHINA,FEMENINO,URBANA,CHINA
2022-02-19T00:00:00.000,COLOMBIA,BOLÍVAR,Cartagena (CT),ARTÍCULO 239. HURTO RESIDENCIAS,ESPAÑA,MASCULINO,URBANA,ESPAÑA
2022-02-20T00:00:00.000,COLOMBIA,MAGDALENA,Santa Marta (CT),ARTÍCULO 239. HURTO PERSONAS,COLOMBIA,MASCULINO,URBANA,COLOMBIA
2022-02-21T00:00:00.000,COLOMBIA,AMAZONAS,Leticia (CT),ARTÍCULO 207. ACCESO CARNAL O ACTO SEXUAL EN PERSONA PUESTA EN INCAPACIDAD DE RESISTIR,BRASIL,FEMENINO,URBANA,BRASIL
2022-02-21T00:00:00.000,COLOMBIA,MAGDALENA,Santa Marta (CT),ARTÍCULO 239. HURTO PERSONAS,COLOMBIA,MASCULINO,URBANA,COLOMBIA
2022-02-23T00:00:00.000,COLOMBIA,MAGDALENA,Santa Marta (CT),ARTÍCULO 239. HURTO PERSONAS,COLOMBIA,MASCULINO,URBANA,COLOMBIA
2022-02-24T00:00:00.000,COLOMBIA,BOLÍVAR,Cartagena (CT),ARTÍCULO 239. HURTO PERSONAS,VENEZUELA,FEMENINO,URBANA,VENEZUELA
2022-02-24T00:00:00.000,COLOMBIA,MAGDALENA,Santa Marta (CT),ARTÍCULO 239. HURTO PERSONAS,COLOMBIA,MASCULINO,RURAL,COLOMBIA
2022-02-25T00:00:00.000,COLOMBIA,ANTIOQUIA,Medellín (CT),ARTÍCULO 239. HURTO PERSONAS,URUGUAY,MASCULINO,URBANA,URUGUAY
2022-02-25T00:00:00.000,COLOMBIA,MAGDALENA,Santa Marta (CT),ARTÍCULO 239. HURTO PERSONAS,COLOMBIA,FEMENINO,URBANA,COLOMBIA
2022-02-25T00:00:00.000,COLOMBIA,MAGDALENA,Santa Marta (CT),ARTÍCULO 239. HURTO PERSONAS,COLOMBIA,MASCULINO,URBANA,COLOMBIA
2022-02-28T00:00:00.000,COLOMBIA,BOLÍVAR,Cartagena (CT),ARTÍCULO 239. HURTO PERSONAS,ECUADOR,MASCULINO,URBANA,ECUADOR
2022-03-01T00:00:00.000,COLOMBIA,VALLE,Cali (CT),ARTÍCULO 239. HURTO PERSONAS,FRANCIA,FEMENINO,URBANA,FRANCIA
2022-03-01T00:00:00.000,COLOMBIA,VALLE,Cali (CT),ARTÍCULO 239. HURTO PERSONAS,VENEZUELA,FEMENINO,URBANA,VENEZUELA
2022-03-02T00:00:00.000,COLOMBIA,MAGDALENA,Santa Marta (CT),ARTÍCULO 239. HURTO PERSONAS,COLOMBIA,FEMENINO,URBANA,COLOMBIA
2022-03-03T00:00:00.000,COLOMBIA,MAGDALENA,Santa Marta (CT),ARTÍCULO 239. HURTO PERSONAS,COLOMBIA,MASCULINO,URBANA,COLOMBIA
2022-03-04T00:00:00.000,COLOMBIA,MAGDALENA,Santa Marta (CT),ARTÍCULO 239. HURTO PERSONAS,COLOMBIA,MASCULINO,URBANA,COLOMBIA
2022-03-05T00:00:00.000,COLOMBIA,ANTIOQUIA,Medellín (CT),ARTÍCULO 239. HURTO PERSONAS,REINO UNIDO,MASCULINO,URBANA,REINO UNIDO
2022-03-05T00:00:00.000,COLOMBIA,MAGDALENA,Santa Marta (CT),ARTÍCULO 239. HURTO PERSONAS,COLOMBIA,MASCULINO,RURAL,COLOMBIA
2022-03-06T00:00:00.000,COLOMBIA,MAGDALENA,Santa Marta (CT),ARTÍCULO 239. HURTO PERSONAS,COLOMBIA,FEMENINO,URBANA,COLOMBIA
2022-03-10T00:00:00.000,COLOMBIA,BOLÍVAR,Cartagena (CT),ARTÍCULO 239. HURTO PERSONAS,VENEZUELA,MASCULINO,URBANA,VENEZUELA
2022-03-10T00:00:00.000,COLOMBIA,MAGDALENA,Santa Marta (CT),ARTÍCULO 239. HURTO PERSONAS,-,FEMENINO,URBANA,-
2022-03-11T00:00:00.000,COLOMBIA,ATLÁNTICO,Malambo,ARTÍCULO 239. HURTO PERSONAS,VENEZUELA,FEMENINO,RURAL,VENEZUELA
2022-03-11T00:00:00.000,COLOMBIA,MAGDALENA,Santa Marta (CT),ARTÍCULO 239. HURTO PERSONAS,COLOMBIA,MASCULINO,URBANA,COLOMBIA
2022-03-11T00:00:00.000,COLOMBIA,VALLE,Cali (CT),MUERTE ACCIDENTAL,AUSTRALIA,MASCULINO,URBANA,AUSTRALIA
2022-03-12T00:00:00.000,COLOMBIA,MAGDALENA,Santa Marta (CT),ARTÍCULO 239. HURTO PERSONAS,COLOMBIA,FEMENINO,RURAL,COLOMBIA
2022-03-16T00:00:00.000,COLOMBIA,GUAJIRA,Manaure,INSPECCION A CADAVER,COLOMBIA,MASCULINO,RURAL,COLOMBIA
2022-03-16T00:00:00.000,COLOMBIA,GUAJIRA,Manaure,INTERVENCION EN CASOS DE POLICIA,COLOMBIA,MASCULINO,RURAL,COLOMBIA
2022-03-16T00:00:00.000,COLOMBIA,GUAJIRA,Manaure,MUERTE ACCIDENTAL,COLOMBIA,MASCULINO,RURAL,COLOMBIA
2022-03-16T00:00:00.000,COLOMBIA,MAGDALENA,Santa Marta (CT),ARTÍCULO 239. HURTO PERSONAS,COLOMBIA,FEMENINO,URBANA,COLOMBIA
2022-03-18T00:00:00.000,COLOMBIA,MAGDALENA,Santa Marta (CT),ARTÍCULO 239. HURTO PERSONAS,COLOMBIA,MASCULINO,URBANA,COLOMBIA
2022-03-20T00:00:00.000,COLOMBIA,MAGDALENA,Santa Marta (CT),ARTÍCULO 239. HURTO PERSONAS,COLOMBIA,FEMENINO,URBANA,COLOMBIA
2022-03-20T00:00:00.000,COLOMBIA,MAGDALENA,Santa Marta (CT),ARTÍCULO 239. HURTO PERSONAS,COLOMBIA,FEMENINO,URBANA,COLOMBIA
2022-03-21T00:00:00.000,COLOMBIA,BOLÍVAR,Cartagena (CT),ARTÍCULO 239. HURTO PERSONAS,VENEZUELA,MASCULINO,URBANA,VENEZUELA
2022-03-25T00:00:00.000,COLOMBIA,MAGDALENA,Santa Marta (CT),ARTÍCULO 239. HURTO PERSONAS,COLOMBIA,FEMENINO,URBANA,COLOMBIA
2022-03-25T00:00:00.000,COLOMBIA,MAGDALENA,Santa Marta (CT),ARTÍCULO 239. HURTO PERSONAS,COLOMBIA,MASCULINO,URBANA,COLOMBIA
2022-03-27T00:00:00.000,COLOMBIA,MAGDALENA,Santa Marta (CT),ARTÍCULO 239. HURTO PERSONAS,COLOMBIA,FEMENINO,URBANA,COLOMBIA
2022-03-27T00:00:00.000,COLOMBIA,MAGDALENA,Santa Marta (CT),ARTÍCULO 239. HURTO PERSONAS,COLOMBIA,MASCULINO,URBANA,COLOMBIA
2022-03-30T00:00:00.000,COLOMBIA,MAGDALENA,Santa Marta (CT),ARTÍCULO 239. HURTO PERSONAS,ITALIA,MASCULINO,URBANA,ITALIA
2022-04-01T00:00:00.000,COLOMBIA,MAGDALENA,Santa Marta (CT),ARTÍCULO 239. HURTO PERSONAS,COLOMBIA,MASCULINO,URBANA,COLOMBIA
2022-04-02T00:00:00.000,COLOMBIA,MAGDALENA,Santa Marta (CT),ARTÍCULO 239. HURTO PERSONAS,COLOMBIA,MASCULINO,URBANA,COLOMBIA
2022-04-03T00:00:00.000,COLOMBIA,VALLE,Cali (CT),ARTÍCULO 239. HURTO PERSONAS,FRANCIA,FEMENINO,URBANA,FRANCIA
2022-04-03T00:00:00.000,COLOMBIA,VALLE,Cali (CT),ARTÍCULO 239. HURTO PERSONAS,FRANCIA,MASCULINO,URBANA,FRANCIA
2022-04-04T00:00:00.000,COLOMBIA,ANTIOQUIA,Medellín (CT),ARTÍCULO 239. HURTO PERSONAS,MEXICO,MASCULINO,URBANA,MEXICO
2022-04-06T00:00:00.000,COLOMBIA,VALLE,Cali (CT),ARTÍCULO 111. LESIONES PERSONALES,ESTADOS UNIDOS,MASCULINO,URBANA,ESTADOS UNIDOS
2022-04-07T00:00:00.000,COLOMBIA,MAGDALENA,Santa Marta (CT),ARTÍCULO 239. HURTO PERSONAS,ISRAEL,MASCULINO,URBANA,ISRAEL
2022-04-08T00:00:00.000,COLOMBIA,ANTIOQUIA,Medellín (CT),ARTÍCULO 239. HURTO PERSONAS,ESTADOS UNIDOS,MASCULINO,URBANA,ESTADOS UNIDOS
2022-04-10T00:00:00.000,COLOMBIA,ANTIOQUIA,Medellín (CT),ARTÍCULO 239. HURTO PERSONAS,COLOMBIA,MASCULINO,URBANA,COLOMBIA
2022-04-10T00:00:00.000,COLOMBIA,MAGDALENA,Santa Marta (CT),ARTÍCULO 239. HURTO PERSONAS,COLOMBIA,FEMENINO,URBANA,COLOMBIA
2022-04-10T00:00:00.000,COLOMBIA,SUCRE,Santiago de Tolú,ARTÍCULO 239. HURTO PERSONAS,COLOMBIA,FEMENINO,URBANA,COLOMBIA
2022-04-11T00:00:00.000,COLOMBIA,MAGDALENA,Santa Marta (CT),ARTÍCULO 239. HURTO PERSONAS,COLOMBIA,FEMENINO,URBANA,COLOMBIA
2022-04-11T00:00:00.000,COLOMBIA,MAGDALENA,Santa Marta (CT),ARTÍCULO 239. HURTO PERSONAS,COLOMBIA,MASCULINO,URBANA,COLOMBIA
2022-04-11T00:00:00.000,COLOMBIA,MAGDALENA,Santa Marta (CT),ARTÍCULO 239. HURTO PERSONAS,COLOMBIA,MASCULINO,URBANA,COLOMBIA
2022-04-11T00:00:00.000,COLOMBIA,SUCRE,Santiago de Tolú,ARTÍCULO 239. HURTO PERSONAS,COLOMBIA,FEMENINO,URBANA,COLOMBIA
2022-04-12T00:00:00.000,COLOMBIA,MAGDALENA,Santa Marta (CT),ARTÍCULO 239. HURTO PERSONAS,COLOMBIA,FEMENINO,URBANA,COLOMBIA
2022-04-12T00:00:00.000,COLOMBIA,SUCRE,Santiago de Tolú,ARTÍCULO 239. HURTO PERSONAS,COLOMBIA,FEMENINO,RURAL,COLOMBIA
2022-04-13T00:00:00.000,COLOMBIA,MAGDALENA,Santa Marta (CT),ARTÍCULO 239. HURTO PERSONAS,COLOMBIA,MASCULINO,URBANA,COLOMBIA
2022-04-14T00:00:00.000,COLOMBIA,MAGDALENA,Santa Marta (CT),ARTÍCULO 239. HURTO PERSONAS,VENEZUELA,MASCULINO,URBANA,VENEZUELA
2022-04-14T00:00:00.000,COLOMBIA,SUCRE,Santiago de Tolú,ARTÍCULO 111. LESIONES PERSONALES,COLOMBIA,FEMENINO,URBANA,COLOMBIA
2022-04-14T00:00:00.000,COLOMBIA,SUCRE,Santiago de Tolú,ARTÍCULO 111. LESIONES PERSONALES,COLOMBIA,MASCULINO,URBANA,COLOMBIA
2022-04-14T00:00:00.000,COLOMBIA,SUCRE,Santiago de Tolú,ARTÍCULO 239. HURTO PERSONAS,COLOMBIA,FEMENINO,URBANA,COLOMBIA
2022-04-14T00:00:00.000,COLOMBIA,SUCRE,Santiago de Tolú,ARTÍCULO 239. HURTO PERSONAS,COLOMBIA,MASCULINO,URBANA,COLOMBIA
2022-04-14T00:00:00.000,COLOMBIA,SUCRE,Santiago de Tolú,RECUPERACION,COLOMBIA,FEMENINO,URBANA,COLOMBIA
2022-04-14T00:00:00.000,COLOMBIA,SUCRE,Santiago de Tolú,RECUPERACION,COLOMBIA,MASCULINO,URBANA,COLOMBIA
2022-04-15T00:00:00.000,COLOMBIA,MAGDALENA,Santa Marta (CT),ARTÍCULO 239. HURTO PERSONAS,COLOMBIA,MASCULINO,RURAL,COLOMBIA
2022-04-15T00:00:00.000,COLOMBIA,MAGDALENA,Santa Marta (CT),ARTÍCULO 239. HURTO PERSONAS,COLOMBIA,MASCULINO,URBANA,COLOMBIA
2022-04-15T00:00:00.000,COLOMBIA,SUCRE,Santiago de Tolú,ARTÍCULO 239. HURTO PERSONAS,COLOMBIA,FEMENINO,URBANA,COLOMBIA
2022-04-16T00:00:00.000,COLOMBIA,MAGDALENA,Santa Marta (CT),ARTÍCULO 239. HURTO AUTOMOTORES,COLOMBIA,MASCULINO,URBANA,COLOMBIA
2022-04-16T00:00:00.000,COLOMBIA,MAGDALENA,Santa Marta (CT),ARTÍCULO 239. HURTO PERSONAS,COLOMBIA,MASCULINO,URBANA,COLOMBIA
2022-04-17T00:00:00.000,COLOMBIA,HUILA,San Agustín,ARTÍCULO 239. HURTO MOTOCICLETAS,ALEMANIA,FEMENINO,RURAL,ALEMANIA
2022-04-17T00:00:00.000,COLOMBIA,MAGDALENA,Santa Marta (CT),ARTÍCULO 239. HURTO PERSONAS,COLOMBIA,MASCULINO,URBANA,COLOMBIA
2022-04-18T00:00:00.000,COLOMBIA,MAGDALENA,Santa Marta (CT),ARTÍCULO 239. HURTO PERSONAS,COLOMBIA,FEMENINO,URBANA,COLOMBIA
2022-04-19T00:00:00.000,COLOMBIA,MAGDALENA,Santa Marta (CT),ARTÍCULO 239. HURTO PERSONAS,CANADA,FEMENINO,URBANA,CANADA
2022-04-20T00:00:00.000,COLOMBIA,ANTIOQUIA,Medellín (CT),ARTÍCULO 239. HURTO PERSONAS,ESTADOS UNIDOS,MASCULINO,URBANA,ESTADOS UNIDOS
2022-04-22T00:00:00.000,COLOMBIA,BOLÍVAR,Cartagena (CT),ARTÍCULO 239. HURTO PERSONAS,ESTADOS UNIDOS,MASCULINO,URBANA,ESTADOS UNIDOS
2022-04-22T00:00:00.000,COLOMBIA,BOLÍVAR,Cartagena (CT),ARTÍCULO 239. HURTO PERSONAS,VENEZUELA,MASCULINO,URBANA,VENEZUELA
2022-04-23T00:00:00.000,COLOMBIA,MAGDALENA,Santa Marta (CT),ARTÍCULO 239. HURTO PERSONAS,COLOMBIA,MASCULINO,URBANA,COLOMBIA
2022-04-25T00:00:00.000,COLOMBIA,MAGDALENA,Santa Marta (CT),ARTÍCULO 239. HURTO PERSONAS,ESTADOS UNIDOS,MASCULINO,URBANA,ESTADOS UNIDOS
2022-04-28T00:00:00.000,COLOMBIA,BOLÍVAR,Cartagena (CT),ARTÍCULO 269I. HURTO POR MEDIOS INFORMÁTICOS Y SEMEJANTES,COLOMBIA,MASCULINO,URBANA,COLOMBIA
2022-04-28T00:00:00.000,COLOMBIA,MAGDALENA,Santa Marta (CT),ARTÍCULO 239. HURTO PERSONAS,ESTADOS UNIDOS,MASCULINO,URBANA,ESTADOS UNIDOS
2022-04-30T00:00:00.000,COLOMBIA,ANTIOQUIA,Medellín (CT),ARTÍCULO 239. HURTO PERSONAS,ISRAEL,MASCULINO,URBANA,ISRAEL
2022-04-30T00:00:00.000,COLOMBIA,ANTIOQUIA,Medellín (CT),ARTÍCULO 239. HURTO PERSONAS,REPUBLICA DOMINICANA,MASCULINO,URBANA,REPUBLICA DOMINICANA
2022-04-30T00:00:00.000,COLOMBIA,MAGDALENA,Santa Marta (CT),ARTÍCULO 239. HURTO PERSONAS,ESTADOS UNIDOS,FEMENINO,URBANA,ESTADOS UNIDOS
2022-04-30T00:00:00.000,COLOMBIA,MAGDALENA,Santa Marta (CT),ARTÍCULO 239. HURTO PERSONAS,HOLANDA,MASCULINO,URBANA,HOLANDA
2022-05-02T00:00:00.000,COLOMBIA,ANTIOQUIA,Medellín (CT),RECUPERACION,ESTADOS UNIDOS,MASCULINO,RURAL,ESTADOS UNIDOS
2022-05-02T00:00:00.000,COLOMBIA,MAGDALENA,Santa Marta (CT),ARTÍCULO 239. HURTO PERSONAS,COLOMBIA,MASCULINO,URBANA,COLOMBIA
2022-05-03T00:00:00.000,COLOMBIA,MAGDALENA,Ciénaga,ARTÍCULO 239. HURTO PERSONAS,COLOMBIA,FEMENINO,URBANA,COLOMBIA
2022-05-04T00:00:00.000,COLOMBIA,MAGDALENA,Santa Marta (CT),ARTÍCULO 239. HURTO PERSONAS,COLOMBIA,MASCULINO,URBANA,COLOMBIA
2022-05-05T00:00:00.000,COLOMBIA,ANTIOQUIA,Medellín (CT),ARTÍCULO 239. HURTO PERSONAS,ESTADOS UNIDOS,MASCULINO,URBANA,ESTADOS UNIDOS
2022-05-06T00:00:00.000,COLOMBIA,MAGDALENA,Santa Marta (CT),ARTÍCULO 239. HURTO PERSONAS,FRANCIA,MASCULINO,URBANA,FRANCIA
2022-05-06T00:00:00.000,COLOMBIA,MAGDALENA,Santa Marta (CT),ARTÍCULO 239. HURTO PERSONAS,FRANCIA,MASCULINO,URBANA,FRANCIA
2022-05-07T00:00:00.000,COLOMBIA,MAGDALENA,Santa Marta (CT),ARTÍCULO 239. HURTO PERSONAS,COLOMBIA,MASCULINO,URBANA,COLOMBIA
2022-05-08T00:00:00.000,COLOMBIA,BOLÍVAR,Cartagena (CT),ARTÍCULO 239. HURTO PERSONAS,ESTADOS UNIDOS,FEMENINO,URBANA,ESTADOS UNIDOS
2022-05-08T00:00:00.000,COLOMBIA,HUILA,Gigante,ARTÍCULO 239. HURTO PERSONAS,ESPAÑA,MASCULINO,URBANA,ESPAÑA
2022-05-08T00:00:00.000,COLOMBIA,MAGDALENA,Santa Marta (CT),ARTÍCULO 239. HURTO PERSONAS,COLOMBIA,MASCULINO,RURAL,COLOMBIA
2022-05-08T00:00:00.000,COLOMBIA,MAGDALENA,Santa Marta (CT),ARTÍCULO 239. HURTO PERSONAS,COLOMBIA,MASCULINO,URBANA,COLOMBIA
2022-05-09T00:00:00.000,COLOMBIA,MAGDALENA,Santa Marta (CT),ARTÍCULO 239. HURTO PERSONAS,COLOMBIA,FEMENINO,URBANA,COLOMBIA
2022-05-12T00:00:00.000,COLOMBIA,MAGDALENA,Santa Marta (CT),ARTÍCULO 239. HURTO PERSONAS,BRASIL,MASCULINO,URBANA,BRASIL
2022-05-13T00:00:00.000,COLOMBIA,MAGDALENA,Santa Marta (CT),ARTÍCULO 239. HURTO PERSONAS,ALEMANIA,MASCULINO,URBANA,ALEMANIA
2022-05-14T00:00:00.000,COLOMBIA,MAGDALENA,Santa Marta (CT),ARTÍCULO 239. HURTO PERSONAS,JAPON,MASCULINO,URBANA,JAPON
2022-05-16T00:00:00.000,COLOMBIA,MAGDALENA,Santa Marta (CT),ARTÍCULO 111. LESIONES PERSONALES,ITALIA,MASCULINO,URBANA,ITALIA
2022-05-16T00:00:00.000,COLOMBIA,MAGDALENA,Santa Marta (CT),ARTÍCULO 239. HURTO PERSONAS,COLOMBIA,FEMENINO,URBANA,COLOMBIA
2022-05-17T00:00:00.000,COLOMBIA,MAGDALENA,Santa Marta (CT),ARTÍCULO 239. HURTO PERSONAS,ESTADOS UNIDOS,MASCULINO,URBANA,ESTADOS UNIDOS
2022-05-18T00:00:00.000,COLOMBIA,MAGDALENA,Santa Marta (CT),ARTÍCULO 239. HURTO PERSONAS,ESTADOS UNIDOS,MASCULINO,URBANA,ESTADOS UNIDOS
2022-05-31T00:00:00.000,COLOMBIA,MAGDALENA,Santa Marta (CT),ARTÍCULO 239. HURTO PERSONAS,SUIZA,MASCULINO,URBANA,SUIZA
2022-06-01T00:00:00.000,COLOMBIA,MAGDALENA,Santa Marta (CT),ARTÍCULO 239. HURTO PERSONAS,MEXICO,MASCULINO,URBANA,MEXICO
2022-06-01T00:00:00.000,COLOMBIA,MAGDALENA,Santa Marta (CT),RECUPERACION,MEXICO,MASCULINO,URBANA,MEXICO
2022-06-04T00:00:00.000,COLOMBIA,ANTIOQUIA,Santa Rosa de Osos,ARTÍCULO 103. HOMICIDIO,ESTADOS UNIDOS,MASCULINO,RURAL,ESTADOS UNIDOS
2022-06-04T00:00:00.000,COLOMBIA,ANTIOQUIA,Santa Rosa de Osos,INSPECCION A CADAVER,ESTADOS UNIDOS,MASCULINO,RURAL,ESTADOS UNIDOS
2022-06-10T00:00:00.000,COLOMBIA,ANTIOQUIA,Medellín (CT),ARTÍCULO 239. HURTO PERSONAS,ESLOVENIA,MASCULINO,URBANA,ESLOVENIA
2022-06-11T00:00:00.000,COLOMBIA,VALLE,Cali (CT),ARTÍCULO 239. HURTO PERSONAS,COLOMBIA,MASCULINO,URBANA,COLOMBIA
2022-06-11T00:00:00.000,COLOMBIA,VALLE,Cali (CT),ARTÍCULO 239. HURTO PERSONAS,ESPAÑA,MASCULINO,URBANA,ESPAÑA
2022-06-13T00:00:00.000,COLOMBIA,VALLE,Cali (CT),ARTÍCULO 239. HURTO PERSONAS,AUSTRALIA,MASCULINO,URBANA,AUSTRALIA
2022-06-13T00:00:00.000,COLOMBIA,VALLE,Cali (CT),ARTÍCULO 239. HURTO PERSONAS,ESTADOS UNIDOS,MASCULINO,URBANA,ESTADOS UNIDOS
2022-06-15T00:00:00.000,COLOMBIA,AMAZONAS,Leticia (CT),ARTÍCULO 103. HOMICIDIO,HOLANDA,FEMENINO,URBANA,HOLANDA
2022-06-15T00:00:00.000,COLOMBIA,AMAZONAS,Leticia (CT),ARTÍCULO 239. HURTO PERSONAS,HOLANDA,MASCULINO,URBANA,HOLANDA
2022-06-15T00:00:00.000,COLOMBIA,MAGDALENA,Santa Marta (CT),ARTÍCULO 239. HURTO PERSONAS,DINAMARCA,FEMENINO,URBANA,DINAMARCA
2022-06-15T00:00:00.000,COLOMBIA,MAGDALENA,Santa Marta (CT),ARTÍCULO 239. HURTO PERSONAS,DINAMARCA,MASCULINO,URBANA,DINAMARCA
2022-06-15T00:00:00.000,COLOMBIA,MAGDALENA,Santa Marta (CT),ARTÍCULO 239. HURTO PERSONAS,REINO UNIDO,FEMENINO,URBANA,REINO UNIDO
2022-06-19T00:00:00.000,COLOMBIA,MAGDALENA,Santa Marta (CT),ARTÍCULO 239. HURTO PERSONAS,ESTADOS UNIDOS,MASCULINO,URBANA,ESTADOS UNIDOS
2022-06-21T00:00:00.000,COLOMBIA,MAGDALENA,Santa Marta (CT),ARTÍCULO 239. HURTO PERSONAS,ALEMANIA,MASCULINO,URBANA,ALEMANIA
2022-06-22T00:00:00.000,COLOMBIA,MAGDALENA,Santa Marta (CT),ARTÍCULO 239. HURTO PERSONAS,ESPAÑA,FEMENINO,URBANA,ESPAÑA
2022-06-23T00:00:00.000,COLOMBIA,VALLE,Cali (CT),ARTÍCULO 239. HURTO PERSONAS,GUATEMALA,MASCULINO,URBANA,GUATEMALA
2022-06-25T00:00:00.000,COLOMBIA,BOLÍVAR,Cartagena (CT),ARTÍCULO 239. HURTO PERSONAS,ESTADOS UNIDOS,MASCULINO,URBANA,ESTADOS UNIDOS
2022-06-25T00:00:00.000,COLOMBIA,MAGDALENA,Santa Marta (CT),ARTÍCULO 239. HURTO PERSONAS,-,MASCULINO,URBANA,-
2022-06-26T00:00:00.000,COLOMBIA,MAGDALENA,Santa Marta (CT),ARTÍCULO 239. HURTO PERSONAS,ESTADOS UNIDOS,MASCULINO,URBANA,ESTADOS UNIDOS
2022-06-26T00:00:00.000,COLOMBIA,MAGDALENA,Santa Marta (CT),ARTÍCULO 239. HURTO PERSONAS,ESTADOS UNIDOS,MASCULINO,URBANA,ESTADOS UNIDOS
2022-06-27T00:00:00.000,COLOMBIA,MAGDALENA,Ciénaga,ARTÍCULO 239. HURTO PERSONAS,COLOMBIA,MASCULINO,RURAL,COLOMBIA
2022-06-28T00:00:00.000,COLOMBIA,MAGDALENA,Santa Marta (CT),ARTÍCULO 111. LESIONES PERSONALES,SUIZA,MASCULINO,URBANA,SUIZA
2022-06-28T00:00:00.000,COLOMBIA,MAGDALENA,Santa Marta (CT),ARTÍCULO 239. HURTO PERSONAS,SUIZA,MASCULINO,URBANA,SUIZA
2022-07-01T00:00:00.000,COLOMBIA,MAGDALENA,Santa Marta (CT),ARTÍCULO 239. HURTO PERSONAS,ESTADOS UNIDOS,MASCULINO,URBANA,ESTADOS UNIDOS
2022-07-02T00:00:00.000,COLOMBIA,MAGDALENA,Sitionuevo,ARTÍCULO 239. HURTO PERSONAS,ARGENTINA,FEMENINO,URBANA,ARGENTINA
2022-07-02T00:00:00.000,COLOMBIA,MAGDALENA,Sitionuevo,ARTÍCULO 239. HURTO PERSONAS,ARGENTINA,MASCULINO,URBANA,ARGENTINA
2022-07-03T00:00:00.000,COLOMBIA,MAGDALENA,Santa Marta (CT),ARTÍCULO 239. HURTO PERSONAS,ESTADOS UNIDOS,MASCULINO,URBANA,ESTADOS UNIDOS
2022-07-04T00:00:00.000,COLOMBIA,MAGDALENA,Santa Marta (CT),ARTÍCULO 239. HURTO PERSONAS,COLOMBIA,MASCULINO,URBANA,COLOMBIA
2022-07-05T00:00:00.000,COLOMBIA,MAGDALENA,Santa Marta (CT),ARTÍCULO 239. HURTO PERSONAS,NORUEGA,FEMENINO,URBANA,NORUEGA
2022-07-06T00:00:00.000,COLOMBIA,AMAZONAS,Leticia (CT),ARTÍCULO 239. HURTO PERSONAS,HOLANDA,FEMENINO,URBANA,HOLANDA
2022-07-09T00:00:00.000,COLOMBIA,ANTIOQUIA,Medellín (CT),ARTÍCULO 239. HURTO PERSONAS,ALEMANIA,MASCULINO,URBANA,ALEMANIA
2022-07-12T00:00:00.000,COLOMBIA,MAGDALENA,Santa Marta (CT),ARTÍCULO 239. HURTO PERSONAS,ITALIA,FEMENINO,URBANA,ITALIA
2022-07-18T00:00:00.000,COLOMBIA,MAGDALENA,Santa Marta (CT),ARTÍCULO 239. HURTO PERSONAS,ESTADOS UNIDOS,MASCULINO,URBANA,ESTADOS UNIDOS
2022-07-19T00:00:00.000,COLOMBIA,ANTIOQUIA,Medellín (CT),ARTÍCULO 239. HURTO PERSONAS,AUSTRALIA,MASCULINO,URBANA,AUSTRALIA
2022-07-22T00:00:00.000,COLOMBIA,ANTIOQUIA,Medellín (CT),ARTÍCULO 239. HURTO PERSONAS,ECUADOR,FEMENINO,URBANA,ECUADOR
2022-07-26T00:00:00.000,COLOMBIA,MAGDALENA,Santa Marta (CT),ARTÍCULO 239. HURTO PERSONAS,COLOMBIA,FEMENINO,URBANA,COLOMBIA
2022-07-27T00:00:00.000,COLOMBIA,BOLÍVAR,Cartagena (CT),ARTÍCULO 239. HURTO PERSONAS,VENEZUELA,FEMENINO,URBANA,VENEZUELA
2022-07-27T00:00:00.000,COLOMBIA,BOLÍVAR,Cartagena (CT),ARTÍCULO 239. HURTO PERSONAS,VENEZUELA,MASCULINO,URBANA,VENEZUELA
2022-07-29T00:00:00.000,COLOMBIA,VALLE,Cali (CT),ARTÍCULO 239. HURTO PERSONAS,ESTONIA,MASCULINO,URBANA,ESTONIA
2022-07-30T00:00:00.000,COLOMBIA,MAGDALENA,Santa Marta (CT),ARTÍCULO 239. HURTO PERSONAS,COLOMBIA,MASCULINO,URBANA,COLOMBIA
2022-08-02T00:00:00.000,COLOMBIA,MAGDALENA,Santa Marta (CT),ARTÍCULO 239. HURTO PERSONAS,JAPON,FEMENINO,URBANA,JAPON
2022-08-03T00:00:00.000,COLOMBIA,ANTIOQUIA,Medellín (CT),ARTÍCULO 239. HURTO PERSONAS,AUSTRALIA,MASCULINO,URBANA,AUSTRALIA
2022-08-03T00:00:00.000,COLOMBIA,ANTIOQUIA,Medellín (CT),RECUPERACION,AUSTRALIA,MASCULINO,URBANA,AUSTRALIA
2022-08-04T00:00:00.000,COLOMBIA,ANTIOQUIA,Medellín (CT),ARTÍCULO 239. HURTO PERSONAS,PANAMA,FEMENINO,URBANA,PANAMA
2022-08-04T00:00:00.000,COLOMBIA,ANTIOQUIA,Medellín (CT),RECUPERACION,PANAMA,FEMENINO,URBANA,PANAMA
2022-08-05T00:00:00.000,COLOMBIA,MAGDALENA,Santa Marta (CT),ARTÍCULO 347. AMENAZAS,-,MASCULINO,URBANA,-
2022-08-07T00:00:00.000,COLOMBIA,MAGDALENA,Santa Marta (CT),ARTÍCULO 239. HURTO PERSONAS,FRANCIA,FEMENINO,URBANA,FRANCIA
2022-08-08T00:00:00.000,COLOMBIA,MAGDALENA,Santa Marta (CT),ARTÍCULO 239. HURTO PERSONAS,ALEMANIA,MASCULINO,URBANA,ALEMANIA
2022-08-08T00:00:00.000,COLOMBIA,MAGDALENA,Santa Marta (CT),ARTÍCULO 239. HURTO PERSONAS,COLOMBIA,FEMENINO,URBANA,COLOMBIA
2022-08-11T00:00:00.000,COLOMBIA,MAGDALENA,Santa Marta (CT),ARTÍCULO 239. HURTO PERSONAS,VENEZUELA,FEMENINO,URBANA,VENEZUELA
2022-08-12T00:00:00.000,COLOMBIA,ANTIOQUIA,Medellín (CT),ARTÍCULO 239. HURTO PERSONAS,ESTADOS UNIDOS,MASCULINO,URBANA,ESTADOS UNIDOS
2022-08-12T00:00:00.000,COLOMBIA,VALLE,Cali (CT),ARTÍCULO 239. HURTO PERSONAS,CANADA,MASCULINO,URBANA,CANADA
2022-08-18T00:00:00.000,COLOMBIA,NORTE DE SANTANDER,Tibú,ARTÍCULO 169. SECUESTRO EXTORSIVO,MEXICO,MASCULINO,URBANA,MEXICO
2022-08-22T00:00:00.000,COLOMBIA,BOLÍVAR,Cartagena (CT),MUERTE ACCIDENTAL,HOLANDA,FEMENINO,URBANA,HOLANDA
2022-08-22T00:00:00.000,COLOMBIA,BOLÍVAR,Cartagena (CT),MUERTE ACCIDENTAL,HOLANDA,MASCULINO,URBANA,HOLANDA
2022-08-22T00:00:00.000,COLOMBIA,GUAJIRA,Manaure,ARTÍCULO 239. HURTO PERSONAS,COLOMBIA,FEMENINO,URBANA,COLOMBIA
2022-08-23T00:00:00.000,COLOMBIA,MAGDALENA,Santa Marta (CT),ARTÍCULO 239. HURTO PERSONAS,FRANCIA,FEMENINO,URBANA,FRANCIA
2022-08-24T00:00:00.000,COLOMBIA,ANTIOQUIA,Medellín (CT),ARTÍCULO 239. HURTO PERSONAS,ESTADOS UNIDOS,MASCULINO,URBANA,ESTADOS UNIDOS
2022-08-24T00:00:00.000,COLOMBIA,ANTIOQUIA,Medellín (CT),ARTÍCULO 239. HURTO PERSONAS,PANAMA,MASCULINO,URBANA,PANAMA
2022-08-26T00:00:00.000,COLOMBIA,BOLÍVAR,Cartagena (CT),ARTÍCULO 239. HURTO PERSONAS,-,FEMENINO,URBANA,-
2022-08-28T00:00:00.000,COLOMBIA,BOLÍVAR,Cartagena (CT),ARTÍCULO 239. HURTO PERSONAS,-,MASCULINO,URBANA,-
2022-08-30T00:00:00.000,COLOMBIA,BOLÍVAR,Cartagena (CT),ARTÍCULO 239. HURTO PERSONAS,-,MASCULINO,URBANA,-
2022-09-05T00:00:00.000,COLOMBIA,BOLÍVAR,Cartagena (CT),ARTÍCULO 239. HURTO PERSONAS,-,MASCULINO,URBANA,-
2022-09-06T00:00:00.000,COLOMBIA,BOLÍVAR,Cartagena (CT),ARTÍCULO 447. RECEPTACIÓN,FRANCIA,MASCULINO,URBANA,FRANCIA
2022-09-06T00:00:00.000,COLOMBIA,BOLÍVAR,Cartagena (CT),RECUPERACION,FRANCIA,MASCULINO,URBANA,FRANCIA
2022-09-09T00:00:00.000,COLOMBIA,MAGDALENA,Santa Marta (CT),ARTÍCULO 239. HURTO PERSONAS,NUEVA ZELANDA,MASCULINO,URBANA,NUEVA ZELANDA
2022-09-11T00:00:00.000,COLOMBIA,ANTIOQUIA,Medellín (CT),ARTÍCULO 269I. HURTO POR MEDIOS INFORMÁTICOS Y SEMEJANTES,ESTADOS UNIDOS,MASCULINO,URBANA,ESTADOS UNIDOS
2022-09-11T00:00:00.000,COLOMBIA,BOLÍVAR,Cartagena (CT),ARTÍCULO 239. HURTO PERSONAS,-,MASCULINO,URBANA,-
2022-09-11T00:00:00.000,COLOMBIA,GUAVIARE,San José del Guaviare (CT),ARTÍCULO 239. HURTO PERSONAS,ESPAÑA,MASCULINO,URBANA,ESPAÑA
2022-09-12T00:00:00.000,COLOMBIA,BOLÍVAR,Cartagena (CT),ARTÍCULO 239. HURTO PERSONAS,-,FEMENINO,URBANA,-
2022-09-12T00:00:00.000,COLOMBIA,BOLÍVAR,Cartagena (CT),ARTÍCULO 239. HURTO PERSONAS,-,FEMENINO,URBANA,-
2022-09-14T00:00:00.000,COLOMBIA,BOLÍVAR,Cartagena (CT),ARTÍCULO 239. HURTO PERSONAS,ECUADOR,MASCULINO,URBANA,ECUADOR
2022-09-14T00:00:00.000,COLOMBIA,BOLÍVAR,Cartagena (CT),ARTÍCULO 239. HURTO PERSONAS,-,FEMENINO,URBANA,-
2022-09-15T00:00:00.000,COLOMBIA,MAGDALENA,Santa Marta (CT),ARTÍCULO 239. HURTO PERSONAS,COLOMBIA,MASCULINO,URBANA,COLOMBIA
2022-09-18T00:00:00.000,COLOMBIA,BOLÍVAR,Cartagena (CT),ARTÍCULO 239. HURTO PERSONAS,-,FEMENINO,URBANA,-
2022-09-19T00:00:00.000,COLOMBIA,BOLÍVAR,Cartagena (CT),ARTÍCULO 239. HURTO PERSONAS,-,FEMENINO,URBANA,-
2022-09-19T00:00:00.000,COLOMBIA,MAGDALENA,Santa Marta (CT),ARTÍCULO 239. HURTO PERSONAS,COLOMBIA,MASCULINO,URBANA,COLOMBIA
2022-09-21T00:00:00.000,COLOMBIA,ANTIOQUIA,Medellín (CT),ARTÍCULO 239. HURTO PERSONAS,ESPAÑA,FEMENINO,URBANA,ESPAÑA
2022-09-21T00:00:00.000,COLOMBIA,BOLÍVAR,Cartagena (CT),ARTÍCULO 239. HURTO PERSONAS,ESTADOS UNIDOS,MASCULINO,URBANA,ESTADOS UNIDOS
2022-09-22T00:00:00.000,COLOMBIA,BOLÍVAR,Cartagena (CT),ARTÍCULO 239. HURTO PERSONAS,ESTADOS UNIDOS,FEMENINO,URBANA,ESTADOS UNIDOS
2022-09-22T00:00:00.000,COLOMBIA,BOLÍVAR,Cartagena (CT),RECUPERACION,ESTADOS UNIDOS,FEMENINO,URBANA,ESTADOS UNIDOS
2022-09-24T00:00:00.000,COLOMBIA,BOLÍVAR,Cartagena (CT),ARTÍCULO 239. HURTO PERSONAS,-,MASCULINO,URBANA,-
2022-09-26T00:00:00.000,COLOMBIA,BOLÍVAR,Cartagena (CT),ARTÍCULO 239. HURTO PERSONAS,-,MASCULINO,URBANA,-
2022-10-02T00:00:00.000,COLOMBIA,BOLÍVAR,Cartagena (CT),ARTÍCULO 239. HURTO PERSONAS,-,MASCULINO,URBANA,-
2022-10-06T00:00:00.000,COLOMBIA,VALLE,Cali (CT),ARTÍCULO 239. HURTO PERSONAS,ISRAEL,MASCULINO,URBANA,ISRAEL
2022-10-08T00:00:00.000,COLOMBIA,BOLÍVAR,Cartagena (CT),ARTÍCULO 239. HURTO PERSONAS,-,MASCULINO,URBANA,-
2022-10-09T00:00:00.000,COLOMBIA,ANTIOQUIA,Medellín (CT),ARTÍCULO 239. HURTO PERSONAS,ESTADOS UNIDOS,MASCULINO,URBANA,ESTADOS UNIDOS
2022-10-10T00:00:00.000,COLOMBIA,ANTIOQUIA,Medellín (CT),ARTÍCULO 239. HURTO PERSONAS,ESTADOS UNIDOS,MASCULINO,URBANA,ESTADOS UNIDOS
2022-10-10T00:00:00.000,COLOMBIA,ANTIOQUIA,Medellín (CT),INSPECCION A CADAVER,ESTADOS UNIDOS,MASCULINO,URBANA,ESTADOS UNIDOS
2022-10-10T00:00:00.000,COLOMBIA,ANTIOQUIA,Medellín (CT),MUERTE POR ESTABLECER,ESTADOS UNIDOS,MASCULINO,URBANA,ESTADOS UNIDOS
2022-10-12T00:00:00.000,COLOMBIA,AMAZONAS,Leticia (CT),ARTÍCULO 239. HURTO PERSONAS,NORUEGA,FEMENINO,URBANA,NORUEGA
2022-10-16T00:00:00.000,COLOMBIA,CALDAS,Manizales (CT),ARTÍCULO 239. HURTO PERSONAS,ESPAÑA,MASCULINO,URBANA,ESPAÑA
2022-10-19T00:00:00.000,COLOMBIA,BOLÍVAR,Cartagena (CT),ARTÍCULO 239. HURTO PERSONAS,-,MASCULINO,URBANA,-
2022-10-24T00:00:00.000,COLOMBIA,CÓRDOBA,Planeta Rica,ARTÍCULO 239. HURTO PERSONAS,ESTADOS UNIDOS,MASCULINO,URBANA,ESTADOS UNIDOS
2022-10-24T00:00:00.000,COLOMBIA,VALLE,Cali (CT),ARTÍCULO 239. HURTO PERSONAS,ESTADOS UNIDOS,MASCULINO,URBANA,ESTADOS UNIDOS
2022-10-30T00:00:00.000,COLOMBIA,HUILA,San Agustín,ARTÍCULO 239. HURTO PERSONAS,PERU,FEMENINO,RURAL,PERU
2022-11-04T00:00:00.000,COLOMBIA,CALDAS,Manizales (CT),ARTÍCULO 239. HURTO PERSONAS,COLOMBIA,MASCULINO,URBANA,COLOMBIA
2022-11-08T00:00:00.000,COLOMBIA,SUCRE,Santiago de Tolú,ARTÍCULO 239. HURTO PERSONAS,COLOMBIA,FEMENINO,URBANA,COLOMBIA
2022-11-11T00:00:00.000,COLOMBIA,SUCRE,Santiago de Tolú,ARTÍCULO 239. HURTO PERSONAS,COLOMBIA,FEMENINO,URBANA,COLOMBIA
2022-11-11T00:00:00.000,COLOMBIA,SUCRE,Santiago de Tolú,ARTÍCULO 239. HURTO PERSONAS,COLOMBIA,MASCULINO,URBANA,COLOMBIA
2022-11-11T00:00:00.000,COLOMBIA,SUCRE,Santiago de Tolú,RECUPERACION,COLOMBIA,FEMENINO,URBANA,COLOMBIA
2022-11-11T00:00:00.000,COLOMBIA,SUCRE,Santiago de Tolú,RECUPERACION,COLOMBIA,MASCULINO,URBANA,COLOMBIA
2022-11-24T00:00:00.000,COLOMBIA,SUCRE,Santiago de Tolú,ARTÍCULO 239. HURTO PERSONAS,COLOMBIA,FEMENINO,URBANA,COLOMBIA
2022-12-03T00:00:00.000,COLOMBIA,BOLÍVAR,Cartagena (CT),MUERTE ACCIDENTAL,MEXICO,MASCULINO,URBANA,MEXICO
2022-12-06T00:00:00.000,COLOMBIA,ANTIOQUIA,Medellín (CT),ARTÍCULO 239. HURTO PERSONAS,ESTADOS UNIDOS,MASCULINO,URBANA,ESTADOS UNIDOS
2022-12-24T00:00:00.000,COLOMBIA,VALLE,Cali (CT),ARTÍCULO 239. HURTO PERSONAS,ESTADOS UNIDOS,MASCULINO,URBANA,ESTADOS UNIDOS
2022-12-25T00:00:00.000,COLOMBIA,VALLE,Cali (CT),ARTÍCULO 239. HURTO PERSONAS,CANADA,MASCULINO,URBANA,CANADA
2022-12-25T00:00:00.000,COLOMBIA,VALLE,Cali (CT),ARTÍCULO 239. HURTO PERSONAS,ESTADOS UNIDOS,MASCULINO,URBANA,ESTADOS UNIDOS
2022-12-29T00:00:00.000,COLOMBIA,HUILA,San Agustín,ARTÍCULO 239. HURTO PERSONAS,ITALIA,FEMENINO,URBANA,ITALIA
2023-01-01T00:00:00.000,COLOMBIA,GUAJIRA,Dibulla,INSPECCION A CADAVER,ALEMANIA,FEMENINO,RURAL,ALEMANIA
2023-01-01T00:00:00.000,COLOMBIA,GUAJIRA,Dibulla,MUERTE ACCIDENTAL,ALEMANIA,FEMENINO,RURAL,ALEMANIA
2023-01-01T00:00:00.000,COLOMBIA,MAGDALENA,Santa Marta (CT),ARTÍCULO 239. HURTO PERSONAS,COLOMBIA,FEMENINO,URBANA,COLOMBIA
2023-01-01T00:00:00.000,COLOMBIA,MAGDALENA,Santa Marta (CT),ARTÍCULO 239. HURTO PERSONAS,COLOMBIA,MASCULINO,URBANA,COLOMBIA
2023-01-01T00:00:00.000,COLOMBIA,MAGDALENA,Santa Marta (CT),ARTÍCULO 269F. VIOLACIÓN DE DATOS PERSONALES,ALEMANIA,MASCULINO,URBANA,ALEMANIA
2023-01-01T00:00:00.000,COLOMBIA,SUCRE,Santiago de Tolú,ARTÍCULO 239. HURTO PERSONAS,COLOMBIA,MASCULINO,URBANA,COLOMBIA
2023-01-02T00:00:00.000,COLOMBIA,MAGDALENA,Santa Marta (CT),ARTÍCULO 239. HURTO PERSONAS,COLOMBIA,FEMENINO,URBANA,COLOMBIA
2023-01-02T00:00:00.000,COLOMBIA,SUCRE,Santiago de Tolú,ARTÍCULO 239. HURTO PERSONAS,COLOMBIA,FEMENINO,URBANA,COLOMBIA
2023-01-02T00:00:00.000,COLOMBIA,SUCRE,Santiago de Tolú,RECUPERACION,COLOMBIA,FEMENINO,URBANA,COLOMBIA
2023-01-03T00:00:00.000,COLOMBIA,MAGDALENA,Puebloviejo,ARTÍCULO 239. HURTO PERSONAS,COLOMBIA,MASCULINO,RURAL,COLOMBIA
2023-01-03T00:00:00.000,COLOMBIA,MAGDALENA,Santa Marta (CT),ARTÍCULO 239. HURTO PERSONAS,CANADA,MASCULINO,URBANA,CANADA
2023-01-03T00:00:00.000,COLOMBIA,MAGDALENA,Santa Marta (CT),ARTÍCULO 239. HURTO PERSONAS,COLOMBIA,FEMENINO,URBANA,COLOMBIA
2023-01-03T00:00:00.000,COLOMBIA,MAGDALENA,Santa Marta (CT),ARTÍCULO 239. HURTO PERSONAS,COLOMBIA,MASCULINO,URBANA,COLOMBIA
2023-01-03T00:00:00.000,COLOMBIA,MAGDALENA,Santa Marta (CT),ARTÍCULO 239. HURTO PERSONAS,COLOMBIA,MASCULINO,URBANA,COLOMBIA
2023-01-03T00:00:00.000,COLOMBIA,SUCRE,Coveñas,ARTÍCULO 239. HURTO PERSONAS,ESPAÑA,MASCULINO,URBANA,ESPAÑA
2023-01-04T00:00:00.000,COLOMBIA,MAGDALENA,Santa Marta (CT),ARTÍCULO 239. HURTO PERSONAS,ALEMANIA,MASCULINO,URBANA,ALEMANIA
2023-01-04T00:00:00.000,COLOMBIA,MAGDALENA,Santa Marta (CT),ARTÍCULO 239. HURTO PERSONAS,COLOMBIA,FEMENINO,URBANA,COLOMBIA
2023-01-04T00:00:00.000,COLOMBIA,MAGDALENA,Santa Marta (CT),ARTÍCULO 239. HURTO PERSONAS,COLOMBIA,MASCULINO,URBANA,COLOMBIA
2023-01-04T00:00:00.000,COLOMBIA,MAGDALENA,Santa Marta (CT),ARTÍCULO 239. HURTO PERSONAS,-,MASCULINO,URBANA,-
2023-01-05T00:00:00.000,COLOMBIA,MAGDALENA,Santa Marta (CT),ARTÍCULO 239. HURTO PERSONAS,COLOMBIA,FEMENINO,URBANA,COLOMBIA
2023-01-05T00:00:00.000,COLOMBIA,MAGDALENA,Santa Marta (CT),ARTÍCULO 239. HURTO PERSONAS,COLOMBIA,FEMENINO,URBANA,COLOMBIA
2023-01-05T00:00:00.000,COLOMBIA,MAGDALENA,Santa Marta (CT),ARTÍCULO 239. HURTO PERSONAS,COLOMBIA,MASCULINO,URBANA,COLOMBIA
2023-01-06T00:00:00.000,COLOMBIA,MAGDALENA,Santa Marta (CT),ARTÍCULO 239. HURTO PERSONAS,COLOMBIA,FEMENINO,URBANA,COLOMBIA
2023-01-06T00:00:00.000,COLOMBIA,MAGDALENA,Santa Marta (CT),ARTÍCULO 239. HURTO PERSONAS,COLOMBIA,MASCULINO,URBANA,COLOMBIA
2023-01-06T00:00:00.000,COLOMBIA,VALLE,Cali (CT),ARTÍCULO 239. HURTO PERSONAS,ITALIA,MASCULINO,URBANA,ITALIA
2023-01-07T00:00:00.000,COLOMBIA,MAGDALENA,Santa Marta (CT),ARTÍCULO 239. HURTO PERSONAS,COLOMBIA,FEMENINO,URBANA,COLOMBIA
2023-01-07T00:00:00.000,COLOMBIA,MAGDALENA,Santa Marta (CT),ARTÍCULO 239. HURTO PERSONAS,COLOMBIA,MASCULINO,URBANA,COLOMBIA
2023-01-07T00:00:00.000,COLOMBIA,MAGDALENA,Santa Marta (CT),ARTÍCULO 239. HURTO PERSONAS,COLOMBIA,MASCULINO,URBANA,COLOMBIA
2023-01-08T00:00:00.000,COLOMBIA,MAGDALENA,Ciénaga,ARTÍCULO 239. HURTO PERSONAS,COLOMBIA,FEMENINO,RURAL,COLOMBIA
2023-01-08T00:00:00.000,COLOMBIA,MAGDALENA,Santa Marta (CT),ARTÍCULO 239. HURTO PERSONAS,COLOMBIA,FEMENINO,URBANA,COLOMBIA
2023-01-08T00:00:00.000,COLOMBIA,MAGDALENA,Santa Marta (CT),ARTÍCULO 239. HURTO PERSONAS,COLOMBIA,FEMENINO,URBANA,COLOMBIA
2023-01-08T00:00:00.000,COLOMBIA,MAGDALENA,Santa Marta (CT),ARTÍCULO 239. HURTO PERSONAS,COLOMBIA,MASCULINO,URBANA,COLOMBIA
2023-01-08T00:00:00.000,COLOMBIA,MAGDALENA,Santa Marta (CT),ARTÍCULO 239. HURTO PERSONAS,COLOMBIA,MASCULINO,URBANA,COLOMBIA
2023-01-08T00:00:00.000,COLOMBIA,MAGDALENA,Santa Marta (CT),ARTÍCULO 239. HURTO PERSONAS,COLOMBIA,MASCULINO,URBANA,COLOMBIA
2023-01-08T00:00:00.000,COLOMBIA,MAGDALENA,Santa Marta (CT),ARTÍCULO 239. HURTO PERSONAS,COLOMBIA,MASCULINO,URBANA,COLOMBIA
2023-01-09T00:00:00.000,COLOMBIA,MAGDALENA,Santa Marta (CT),ARTÍCULO 239. HURTO PERSONAS,COLOMBIA,MASCULINO,URBANA,COLOMBIA
2023-01-09T00:00:00.000,COLOMBIA,MAGDALENA,Santa Marta (CT),ARTÍCULO 239. HURTO PERSONAS,COLOMBIA,MASCULINO,URBANA,COLOMBIA
2023-01-10T00:00:00.000,COLOMBIA,MAGDALENA,Santa Marta (CT),ARTÍCULO 239. HURTO PERSONAS,COLOMBIA,FEMENINO,URBANA,COLOMBIA
2023-01-10T00:00:00.000,COLOMBIA,MAGDALENA,Santa Marta (CT),ARTÍCULO 239. HURTO PERSONAS,COLOMBIA,MASCULINO,URBANA,COLOMBIA
2023-01-11T00:00:00.000,COLOMBIA,MAGDALENA,Santa Marta (CT),ARTÍCULO 239. HURTO PERSONAS,COLOMBIA,FEMENINO,URBANA,COLOMBIA
2023-01-12T00:00:00.000,COLOMBIA,MAGDALENA,Santa Marta (CT),ARTÍCULO 239. HURTO PERSONAS,COLOMBIA,FEMENINO,URBANA,COLOMBIA
2023-01-12T00:00:00.000,COLOMBIA,MAGDALENA,Santa Marta (CT),ARTÍCULO 239. HURTO PERSONAS,COLOMBIA,MASCULINO,URBANA,COLOMBIA
2023-01-12T00:00:00.000,COLOMBIA,MAGDALENA,Santa Marta (CT),ARTÍCULO 239. HURTO PERSONAS,-,FEMENINO,URBANA,-
2023-01-12T00:00:00.000,COLOMBIA,MAGDALENA,Santa Marta (CT),ARTÍCULO 269I. HURTO POR MEDIOS INFORMÁTICOS Y SEMEJANTES,COLOMBIA,FEMENINO,URBANA,COLOMBIA
2023-01-13T00:00:00.000,COLOMBIA,GUAJIRA,Riohacha (CT),ARTÍCULO 239. HURTO PERSONAS,COLOMBIA,FEMENINO,URBANA,COLOMBIA
2023-01-13T00:00:00.000,COLOMBIA,GUAJIRA,Riohacha (CT),RECUPERACION,COLOMBIA,FEMENINO,URBANA,COLOMBIA
2023-01-13T00:00:00.000,COLOMBIA,MAGDALENA,Santa Marta (CT),ARTÍCULO 239. HURTO PERSONAS,COLOMBIA,MASCULINO,URBANA,COLOMBIA
2023-01-13T00:00:00.000,COLOMBIA,MAGDALENA,Santa Marta (CT),ARTÍCULO 239. HURTO PERSONAS,COLOMBIA,MASCULINO,URBANA,COLOMBIA
2023-01-14T00:00:00.000,COLOMBIA,MAGDALENA,Santa Marta (CT),ARTÍCULO 239. HURTO PERSONAS,COLOMBIA,FEMENINO,URBANA,COLOMBIA
2023-01-14T00:00:00.000,COLOMBIA,MAGDALENA,Santa Marta (CT),ARTÍCULO 239. HURTO PERSONAS,COLOMBIA,FEMENINO,URBANA,COLOMBIA
2023-01-14T00:00:00.000,COLOMBIA,MAGDALENA,Santa Marta (CT),ARTÍCULO 239. HURTO PERSONAS,COLOMBIA,MASCULINO,URBANA,COLOMBIA
2023-01-14T00:00:00.000,COLOMBIA,MAGDALENA,Santa Marta (CT),ARTÍCULO 239. HURTO PERSONAS,COLOMBIA,MASCULINO,URBANA,COLOMBIA
2023-01-15T00:00:00.000,COLOMBIA,MAGDALENA,Santa Marta (CT),ARTÍCULO 239. HURTO PERSONAS,HOLANDA,MASCULINO,URBANA,HOLANDA
2023-01-15T00:00:00.000,COLOMBIA,MAGDALENA,Santa Marta (CT),ARTÍCULO 239. HURTO PERSONAS,MEXICO,MASCULINO,URBANA,MEXICO
2023-01-15T00:00:00.000,COLOMBIA,MAGDALENA,Santa Marta (CT),ARTÍCULO 239. HURTO PERSONAS,POLONIA,FEMENINO,URBANA,POLONIA
2023-01-15T00:00:00.000,COLOMBIA,SUCRE,Coveñas,INSPECCION A CADAVER,COLOMBIA,MASCULINO,URBANA,COLOMBIA
2023-01-15T00:00:00.000,COLOMBIA,SUCRE,Coveñas,MUERTE ACCIDENTAL,COLOMBIA,MASCULINO,URBANA,COLOMBIA
2023-01-16T00:00:00.000,COLOMBIA,MAGDALENA,Santa Marta (CT),ARTÍCULO 239. HURTO PERSONAS,COLOMBIA,MASCULINO,URBANA,COLOMBIA
2023-01-17T00:00:00.000,COLOMBIA,MAGDALENA,Santa Marta (CT),ARTÍCULO 239. HURTO PERSONAS,COLOMBIA,FEMENINO,RURAL,COLOMBIA
2023-01-17T00:00:00.000,COLOMBIA,MAGDALENA,Santa Marta (CT),ARTÍCULO 239. HURTO PERSONAS,COLOMBIA,MASCULINO,URBANA,COLOMBIA
2023-01-17T00:00:00.000,COLOMBIA,MAGDALENA,Santa Marta (CT),ARTÍCULO 239. HURTO PERSONAS,-,MASCULINO,URBANA,-
2023-01-18T00:00:00.000,COLOMBIA,MAGDALENA,Santa Marta (CT),ARTÍCULO 239. HURTO PERSONAS,ALEMANIA,MASCULINO,URBANA,ALEMANIA
2023-01-18T00:00:00.000,COLOMBIA,MAGDALENA,Santa Marta (CT),ARTÍCULO 239. HURTO PERSONAS,COLOMBIA,FEMENINO,URBANA,COLOMBIA
2023-01-18T00:00:00.000,COLOMBIA,MAGDALENA,Santa Marta (CT),ARTÍCULO 239. HURTO RESIDENCIAS,JAPON,FEMENINO,URBANA,JAPON
2023-01-19T00:00:00.000,COLOMBIA,MAGDALENA,Santa Marta (CT),ARTÍCULO 239. HURTO PERSONAS,COLOMBIA,FEMENINO,URBANA,COLOMBIA
2023-01-19T00:00:00.000,COLOMBIA,MAGDALENA,Santa Marta (CT),ARTÍCULO 239. HURTO PERSONAS,COLOMBIA,FEMENINO,URBANA,COLOMBIA
2023-01-19T00:00:00.000,COLOMBIA,MAGDALENA,Santa Marta (CT),ARTÍCULO 239. HURTO PERSONAS,COLOMBIA,MASCULINO,URBANA,COLOMBIA
2023-01-19T00:00:00.000,COLOMBIA,SUCRE,Sincelejo (CT),ARTÍCULO 239. HURTO PERSONAS,COLOMBIA,FEMENINO,URBANA,COLOMBIA
2023-01-19T00:00:00.000,COLOMBIA,SUCRE,Sincelejo (CT),RECUPERACION,COLOMBIA,FEMENINO,URBANA,COLOMBIA
2023-01-20T00:00:00.000,COLOMBIA,MAGDALENA,Ciénaga,ARTÍCULO 239. HURTO PERSONAS,COLOMBIA,MASCULINO,URBANA,COLOMBIA
2023-01-20T00:00:00.000,COLOMBIA,MAGDALENA,Santa Marta (CT),ARTÍCULO 239. HURTO PERSONAS,COLOMBIA,FEMENINO,URBANA,COLOMBIA
2023-01-20T00:00:00.000,COLOMBIA,SUCRE,Sincelejo (CT),ARTÍCULO 239. HURTO PERSONAS,COLOMBIA,MASCULINO,URBANA,COLOMBIA
2023-01-20T00:00:00.000,COLOMBIA,SUCRE,Sincelejo (CT),RECUPERACION,COLOMBIA,MASCULINO,URBANA,COLOMBIA
2023-01-20T00:00:00.000,COLOMBIA,VALLE,Cali (CT),ARTÍCULO 239. HURTO PERSONAS,BRASIL,MASCULINO,URBANA,BRASIL
2023-01-21T00:00:00.000,COLOMBIA,MAGDALENA,Santa Marta (CT),ARTÍCULO 239. HURTO PERSONAS,COLOMBIA,FEMENINO,URBANA,COLOMBIA
2023-01-21T00:00:00.000,COLOMBIA,MAGDALENA,Santa Marta (CT),ARTÍCULO 239. HURTO PERSONAS,COLOMBIA,MASCULINO,URBANA,COLOMBIA
2023-01-21T00:00:00.000,COLOMBIA,MAGDALENA,Santa Marta (CT),ARTÍCULO 239. HURTO PERSONAS,COLOMBIA,MASCULINO,URBANA,COLOMBIA
2023-01-22T00:00:00.000,COLOMBIA,ANTIOQUIA,Medellín (CT),ARTÍCULO 239. HURTO PERSONAS,BELGICA,FEMENINO,RURAL,BELGICA
2023-01-22T00:00:00.000,COLOMBIA,ANTIOQUIA,Medellín (CT),ARTÍCULO 239. HURTO PERSONAS,REINO UNIDO,FEMENINO,RURAL,REINO UNIDO
2023-01-22T00:00:00.000,COLOMBIA,BOLÍVAR,Cartagena (CT),ARTÍCULO 239. HURTO PERSONAS,-,FEMENINO,URBANA,-
2023-01-22T00:00:00.000,COLOMBIA,MAGDALENA,Santa Marta (CT),ARTÍCULO 239. HURTO PERSONAS,ALEMANIA,MASCULINO,URBANA,ALEMANIA
2023-01-22T00:00:00.000,COLOMBIA,MAGDALENA,Santa Marta (CT),ARTÍCULO 239. HURTO PERSONAS,COLOMBIA,MASCULINO,URBANA,COLOMBIA
2023-01-22T00:00:00.000,COLOMBIA,MAGDALENA,Santa Marta (CT),ARTÍCULO 239. HURTO PERSONAS,HOLANDA,FEMENINO,URBANA,HOLANDA
2023-01-23T00:00:00.000,COLOMBIA,VALLE,Cali (CT),ARTÍCULO 239. HURTO PERSONAS,FRANCIA,MASCULINO,URBANA,FRANCIA
2023-01-25T00:00:00.000,COLOMBIA,ANTIOQUIA,Itagui,ARTÍCULO 239. HURTO PERSONAS,ALEMANIA,FEMENINO,URBANA,ALEMANIA
2023-01-25T00:00:00.000,COLOMBIA,MAGDALENA,Santa Marta (CT),ARTÍCULO 239. HURTO PERSONAS,COLOMBIA,FEMENINO,URBANA,COLOMBIA
2023-01-26T00:00:00.000,COLOMBIA,MAGDALENA,Santa Marta (CT),ARTÍCULO 239. HURTO PERSONAS,BELGICA,MASCULINO,URBANA,BELGICA
2023-01-26T00:00:00.000,COLOMBIA,MAGDALENA,Santa Marta (CT),ARTÍCULO 239. HURTO PERSONAS,COLOMBIA,FEMENINO,URBANA,COLOMBIA
2023-01-26T00:00:00.000,COLOMBIA,MAGDALENA,Santa Marta (CT),ARTÍCULO 239. HURTO PERSONAS,COLOMBIA,FEMENINO,URBANA,COLOMBIA
2023-01-26T00:00:00.000,COLOMBIA,MAGDALENA,Santa Marta (CT),ARTÍCULO 239. HURTO PERSONAS,ESTADOS UNIDOS,MASCULINO,URBANA,ESTADOS UNIDOS
2023-01-27T00:00:00.000,COLOMBIA,MAGDALENA,Santa Marta (CT),ARTÍCULO 239. HURTO PERSONAS,COLOMBIA,FEMENINO,URBANA,COLOMBIA
2023-01-27T00:00:00.000,COLOMBIA,MAGDALENA,Santa Marta (CT),ARTÍCULO 239. HURTO PERSONAS,COLOMBIA,MASCULINO,RURAL,COLOMBIA
2023-01-27T00:00:00.000,COLOMBIA,MAGDALENA,Santa Marta (CT),ARTÍCULO 239. HURTO PERSONAS,COLOMBIA,MASCULINO,URBANA,COLOMBIA
2023-01-28T00:00:00.000,COLOMBIA,AMAZONAS,Puerto Nariño,ARTÍCULO 239. HURTO PERSONAS,FRANCIA,MASCULINO,URBANA,FRANCIA
2023-01-28T00:00:00.000,COLOMBIA,AMAZONAS,Puerto Nariño,RECUPERACION,FRANCIA,MASCULINO,URBANA,FRANCIA
2023-01-28T00:00:00.000,COLOMBIA,CUNDINAMARCA,Bogotá D.C. (CT),ARTÍCULO 239. HURTO PERSONAS,ALEMANIA,MASCULINO,URBANA,ALEMANIA
2023-01-28T00:00:00.000,COLOMBIA,MAGDALENA,Santa Marta (CT),ARTÍCULO 239. HURTO PERSONAS,ARGENTINA,FEMENINO,URBANA,ARGENTINA
2023-01-28T00:00:00.000,COLOMBIA,MAGDALENA,Santa Marta (CT),ARTÍCULO 239. HURTO PERSONAS,COLOMBIA,FEMENINO,URBANA,COLOMBIA
2023-01-29T00:00:00.000,COLOMBIA,MAGDALENA,Santa Marta (CT),ARTÍCULO 239. HURTO PERSONAS,COLOMBIA,FEMENINO,URBANA,COLOMBIA
2023-01-29T00:00:00.000,COLOMBIA,MAGDALENA,Santa Marta (CT),ARTÍCULO 239. HURTO PERSONAS,COLOMBIA,MASCULINO,URBANA,COLOMBIA
2023-01-29T00:00:00.000,COLOMBIA,QUINDÍO,Salento,ARTÍCULO 205. ACCESO CARNAL VIOLENTO,CHILE,FEMENINO,URBANA,CHILE
2023-01-30T00:00:00.000,COLOMBIA,CAUCA,Popayán (CT),ARTÍCULO 239. HURTO PERSONAS,AUSTRIA,MASCULINO,URBANA,AUSTRIA
2023-01-31T00:00:00.000,COLOMBIA,CUNDINAMARCA,Bogotá D.C. (CT),ARTÍCULO 239. HURTO PERSONAS,ESTADOS UNIDOS,MASCULINO,URBANA,ESTADOS UNIDOS
2023-01-31T00:00:00.000,COLOMBIA,MAGDALENA,Santa Marta (CT),ARTÍCULO 239. HURTO PERSONAS,COLOMBIA,FEMENINO,URBANA,COLOMBIA
2023-01-31T00:00:00.000,COLOMBIA,MAGDALENA,Santa Marta (CT),ARTÍCULO 239. HURTO PERSONAS,MEXICO,MASCULINO,URBANA,MEXICO
2023-02-02T00:00:00.000,COLOMBIA,CALDAS,Manizales (CT),ARTÍCULO 239. HURTO PERSONAS,REINO UNIDO,MASCULINO,URBANA,REINO UNIDO
2023-02-02T00:00:00.000,COLOMBIA,CUNDINAMARCA,Bogotá D.C. (CT),ARTÍCULO 239. HURTO PERSONAS,COLOMBIA,MASCULINO,URBANA,COLOMBIA
2023-02-02T00:00:00.000,COLOMBIA,MAGDALENA,Santa Marta (CT),ARTÍCULO 239. HURTO PERSONAS,MEXICO,MASCULINO,URBANA,MEXICO
2023-02-03T00:00:00.000,COLOMBIA,MAGDALENA,Santa Marta (CT),ARTÍCULO 239. HURTO PERSONAS,COLOMBIA,FEMENINO,URBANA,COLOMBIA
2023-02-03T00:00:00.000,COLOMBIA,NARIÑO,Pasto (CT),ARTÍCULO 239. HURTO PERSONAS,ECUADOR,MASCULINO,URBANA,ECUADOR
2023-02-04T00:00:00.000,COLOMBIA,BOLÍVAR,Cartagena (CT),ARTÍCULO 239. HURTO PERSONAS,TURQUIA,MASCULINO,URBANA,TURQUIA
2023-02-04T00:00:00.000,COLOMBIA,MAGDALENA,Santa Marta (CT),ARTÍCULO 239. HURTO PERSONAS,ALEMANIA,FEMENINO,URBANA,ALEMANIA
2023-02-04T00:00:00.000,COLOMBIA,MAGDALENA,Santa Marta (CT),ARTÍCULO 239. HURTO PERSONAS,COLOMBIA,MASCULINO,RURAL,COLOMBIA
2023-02-05T00:00:00.000,COLOMBIA,MAGDALENA,Santa Marta (CT),ARTÍCULO 239. HURTO PERSONAS,COLOMBIA,MASCULINO,URBANA,COLOMBIA
2023-02-05T00:00:00.000,COLOMBIA,MAGDALENA,Santa Marta (CT),ARTÍCULO 239. HURTO PERSONAS,COLOMBIA,MASCULINO,URBANA,COLOMBIA
2023-02-05T00:00:00.000,COLOMBIA,MAGDALENA,Santa Marta (CT),ARTÍCULO 239. HURTO PERSONAS,COLOMBIA,MASCULINO,URBANA,COLOMBIA
2023-02-05T00:00:00.000,COLOMBIA,MAGDALENA,Sitionuevo,ARTÍCULO 239. HURTO PERSONAS,COLOMBIA,MASCULINO,RURAL,COLOMBIA
2023-02-06T00:00:00.000,COLOMBIA,MAGDALENA,Santa Marta (CT),ARTÍCULO 239. HURTO PERSONAS,COLOMBIA,FEMENINO,URBANA,COLOMBIA
2023-02-06T00:00:00.000,COLOMBIA,MAGDALENA,Santa Marta (CT),ARTÍCULO 239. HURTO PERSONAS,COLOMBIA,MASCULINO,RURAL,COLOMBIA
2023-02-06T00:00:00.000,COLOMBIA,MAGDALENA,Santa Marta (CT),ARTÍCULO 239. HURTO PERSONAS,COLOMBIA,MASCULINO,URBANA,COLOMBIA
2023-02-06T00:00:00.000,COLOMBIA,VALLE,Cali (CT),ARTÍCULO 239. HURTO PERSONAS,COLOMBIA,MASCULINO,RURAL,COLOMBIA
2023-02-07T00:00:00.000,COLOMBIA,MAGDALENA,Santa Marta (CT),ARTÍCULO 239. HURTO PERSONAS,COLOMBIA,MASCULINO,URBANA,COLOMBIA
2023-02-07T00:00:00.000,COLOMBIA,MAGDALENA,Santa Marta (CT),ARTÍCULO 239. HURTO PERSONAS,ITALIA,MASCULINO,URBANA,ITALIA
2023-02-07T00:00:00.000,COLOMBIA,MAGDALENA,Santa Marta (CT),ARTÍCULO 239. HURTO PERSONAS,JAPON,MASCULINO,URBANA,JAPON
2023-02-08T00:00:00.000,COLOMBIA,BOLÍVAR,Cartagena (CT),ARTÍCULO 244. EXTORSIÓN,FRANCIA,MASCULINO,URBANA,FRANCIA
2023-02-08T00:00:00.000,COLOMBIA,VALLE,Cali (CT),ARTÍCULO 239. HURTO PERSONAS,ISRAEL,MASCULINO,URBANA,ISRAEL
2023-02-10T00:00:00.000,COLOMBIA,MAGDALENA,Santa Marta (CT),ARTÍCULO 239. HURTO PERSONAS,COLOMBIA,FEMENINO,URBANA,COLOMBIA
2023-02-12T00:00:00.000,COLOMBIA,BOLÍVAR,Cartagena (CT),ARTÍCULO 239. HURTO PERSONAS,FRANCIA,MASCULINO,URBANA,FRANCIA
2023-02-12T00:00:00.000,COLOMBIA,MAGDALENA,Santa Marta (CT),ARTÍCULO 239. HURTO PERSONAS,COLOMBIA,MASCULINO,URBANA,COLOMBIA
2023-02-12T00:00:00.000,COLOMBIA,VALLE,Cali (CT),ARTÍCULO 239. HURTO PERSONAS,ALEMANIA,MASCULINO,URBANA,ALEMANIA
2023-02-15T00:00:00.000,COLOMBIA,MAGDALENA,Puebloviejo,ARTÍCULO 239. HURTO PERSONAS,ESPAÑA,FEMENINO,URBANA,ESPAÑA
2023-02-15T00:00:00.000,COLOMBIA,MAGDALENA,Puebloviejo,ARTÍCULO 239. HURTO PERSONAS,ESPAÑA,MASCULINO,URBANA,ESPAÑA
2023-02-15T00:00:00.000,COLOMBIA,MAGDALENA,Santa Marta (CT),ARTÍCULO 239. HURTO PERSONAS,COLOMBIA,MASCULINO,RURAL,COLOMBIA
2023-02-15T00:00:00.000,COLOMBIA,MAGDALENA,Santa Marta (CT),ARTÍCULO 239. HURTO PERSONAS,COLOMBIA,MASCULINO,URBANA,COLOMBIA
2023-02-16T00:00:00.000,COLOMBIA,MAGDALENA,Santa Marta (CT),ARTÍCULO 239. HURTO PERSONAS,COLOMBIA,MASCULINO,URBANA,COLOMBIA
2023-02-16T00:00:00.000,COLOMBIA,VALLE,Cali (CT),ARTÍCULO 239. HURTO PERSONAS,FRANCIA,FEMENINO,URBANA,FRANCIA
2023-02-17T00:00:00.000,COLOMBIA,MAGDALENA,Santa Marta (CT),ARTÍCULO 239. HURTO PERSONAS,BELGICA,FEMENINO,URBANA,BELGICA
2023-02-17T00:00:00.000,COLOMBIA,MAGDALENA,Santa Marta (CT),ARTÍCULO 239. HURTO PERSONAS,COLOMBIA,MASCULINO,URBANA,COLOMBIA
2023-02-18T00:00:00.000,COLOMBIA,MAGDALENA,Santa Marta (CT),ARTÍCULO 239. HURTO PERSONAS,COLOMBIA,MASCULINO,URBANA,COLOMBIA
2023-02-18T00:00:00.000,COLOMBIA,MAGDALENA,Santa Marta (CT),ARTÍCULO 239. HURTO PERSONAS,JAPON,MASCULINO,URBANA,JAPON
2023-02-18T00:00:00.000,COLOMBIA,MAGDALENA,Santa Marta (CT),ARTÍCULO 239. HURTO PERSONAS,REINO UNIDO,MASCULINO,URBANA,REINO UNIDO
2023-02-18T00:00:00.000,COLOMBIA,MAGDALENA,Santa Marta (CT),ARTÍCULO 269I. HURTO POR MEDIOS INFORMÁTICOS Y SEMEJANTES,COLOMBIA,MASCULINO,URBANA,COLOMBIA
2023-02-19T00:00:00.000,COLOMBIA,AMAZONAS,Leticia (CT),ARTÍCULO 239. HURTO PERSONAS,SUIZA,MASCULINO,URBANA,SUIZA
2023-02-19T00:00:00.000,COLOMBIA,SUCRE,San Marcos,ARTÍCULO 111. LESIONES PERSONALES,COLOMBIA,MASCULINO,URBANA,COLOMBIA
2023-02-19T00:00:00.000,COLOMBIA,SUCRE,San Marcos,ARTÍCULO 239. HURTO PERSONAS,COLOMBIA,MASCULINO,URBANA,COLOMBIA
2023-02-22T00:00:00.000,COLOMBIA,ANTIOQUIA,Medellín (CT),ARTÍCULO 239. HURTO PERSONAS,ECUADOR,MASCULINO,URBANA,ECUADOR
2023-02-23T00:00:00.000,COLOMBIA,MAGDALENA,Santa Marta (CT),ARTÍCULO 239. HURTO PERSONAS,COLOMBIA,MASCULINO,URBANA,COLOMBIA
2023-02-23T00:00:00.000,COLOMBIA,MAGDALENA,Santa Marta (CT),ARTÍCULO 269I. HURTO POR MEDIOS INFORMÁTICOS Y SEMEJANTES,BELGICA,MASCULINO,URBANA,BELGICA
2023-02-25T00:00:00.000,COLOMBIA,MAGDALENA,Santa Marta (CT),ARTÍCULO 239. HURTO PERSONAS,COLOMBIA,MASCULINO,URBANA,COLOMBIA
2023-02-26T00:00:00.000,COLOMBIA,MAGDALENA,Santa Marta (CT),ARTÍCULO 239. HURTO PERSONAS,ESPAÑA,MASCULINO,URBANA,ESPAÑA
2023-02-26T00:00:00.000,COLOMBIA,MAGDALENA,Santa Marta (CT),ARTÍCULO 239. HURTO PERSONAS,POLONIA,MASCULINO,URBANA,POLONIA
2023-03-03T00:00:00.000,COLOMBIA,ANTIOQUIA,Medellín (CT),ARTÍCULO 239. HURTO PERSONAS,PERU,FEMENINO,URBANA,PERU
2023-03-03T00:00:00.000,COLOMBIA,MAGDALENA,Santa Marta (CT),ARTÍCULO 239. HURTO PERSONAS,BELGICA,MASCULINO,URBANA,BELGICA
2023-03-03T00:00:00.000,COLOMBIA,MAGDALENA,Santa Marta (CT),ARTÍCULO 239. HURTO PERSONAS,COLOMBIA,FEMENINO,URBANA,COLOMBIA
2023-03-04T00:00:00.000,COLOMBIA,ANTIOQUIA,Envigado,ARTÍCULO 239. HURTO PERSONAS,-,MASCULINO,URBANA,-
2023-03-06T00:00:00.000,COLOMBIA,ANTIOQUIA,Guatapé,ARTÍCULO 246. ESTAFA,FRANCIA,FEMENINO,RURAL,FRANCIA
2023-03-07T00:00:00.000,COLOMBIA,SUCRE,Santiago de Tolú,MUERTE ACCIDENTAL,COLOMBIA,FEMENINO,URBANA,COLOMBIA
2023-03-09T00:00:00.000,COLOMBIA,MAGDALENA,Santa Marta (CT),ARTÍCULO 269I. HURTO POR MEDIOS INFORMÁTICOS Y SEMEJANTES,ALEMANIA,MASCULINO,URBANA,ALEMANIA
2023-03-11T00:00:00.000,COLOMBIA,ANTIOQUIA,Medellín (CT),INSPECCION A CADAVER,ESTADOS UNIDOS,FEMENINO,URBANA,ESTADOS UNIDOS
2023-03-11T00:00:00.000,COLOMBIA,ANTIOQUIA,Medellín (CT),MUERTE POR ESTABLECER,ESTADOS UNIDOS,FEMENINO,URBANA,ESTADOS UNIDOS
2023-03-11T00:00:00.000,COLOMBIA,MAGDALENA,Santa Marta (CT),ARTÍCULO 239. HURTO PERSONAS,CANADA,MASCULINO,URBANA,CANADA
2023-03-12T00:00:00.000,COLOMBIA,MAGDALENA,Santa Marta (CT),ARTÍCULO 239. HURTO PERSONAS,HOLANDA,FEMENINO,URBANA,HOLANDA
2023-03-16T00:00:00.000,COLOMBIA,ANTIOQUIA,Medellín (CT),ARTÍCULO 239. HURTO PERSONAS,ITALIA,MASCULINO,URBANA,ITALIA
2023-03-16T00:00:00.000,COLOMBIA,ANTIOQUIA,Medellín (CT),RECUPERACION,ITALIA,MASCULINO,URBANA,ITALIA
2023-03-16T00:00:00.000,COLOMBIA,MAGDALENA,Santa Marta (CT),ARTÍCULO 239. HURTO RESIDENCIAS,COLOMBIA,FEMENINO,URBANA,COLOMBIA
2023-03-18T00:00:00.000,COLOMBIA,MAGDALENA,Santa Marta (CT),ARTÍCULO 239. HURTO PERSONAS,ISRAEL,MASCULINO,URBANA,ISRAEL
2023-03-18T00:00:00.000,COLOMBIA,SUCRE,Santiago de Tolú,ARTÍCULO 239. HURTO PERSONAS,COLOMBIA,FEMENINO,URBANA,COLOMBIA
2023-03-27T00:00:00.000,COLOMBIA,MAGDALENA,Santa Marta (CT),ARTÍCULO 239. HURTO PERSONAS,DINAMARCA,FEMENINO,URBANA,DINAMARCA
2023-03-28T00:00:00.000,COLOMBIA,MAGDALENA,Santa Marta (CT),ARTÍCULO 239. HURTO PERSONAS,FRANCIA,MASCULINO,URBANA,FRANCIA
2023-03-28T00:00:00.000,COLOMBIA,MAGDALENA,Santa Marta (CT),ARTÍCULO 239. HURTO PERSONAS,-,FEMENINO,URBANA,-
2023-03-29T00:00:00.000,COLOMBIA,HUILA,Garzón,ARTÍCULO 239. HURTO PERSONAS,ESTADOS UNIDOS,FEMENINO,RURAL,ESTADOS UNIDOS
2023-03-29T00:00:00.000,COLOMBIA,HUILA,Garzón,ARTÍCULO 239. HURTO PERSONAS,ESTADOS UNIDOS,MASCULINO,RURAL,ESTADOS UNIDOS
2023-03-30T00:00:00.000,COLOMBIA,MAGDALENA,Santa Marta (CT),ARTÍCULO 239. HURTO PERSONAS,-,FEMENINO,URBANA,-
2023-04-02T00:00:00.000,COLOMBIA,MAGDALENA,Santa Marta (CT),ARTÍCULO 239. HURTO PERSONAS,ARGENTINA,MASCULINO,URBANA,ARGENTINA
2023-04-02T00:00:00.000,COLOMBIA,MAGDALENA,Santa Marta (CT),ARTÍCULO 239. HURTO PERSONAS,FRANCIA,FEMENINO,URBANA,FRANCIA
2023-04-03T00:00:00.000,COLOMBIA,VALLE,Cali (CT),ARTÍCULO 239. HURTO PERSONAS,BRASIL,MASCULINO,URBANA,BRASIL
2023-04-04T00:00:00.000,COLOMBIA,ANTIOQUIA,Medellín (CT),ARTÍCULO 239. HURTO PERSONAS,HOLANDA,MASCULINO,RURAL,HOLANDA
2023-04-07T00:00:00.000,COLOMBIA,ANTIOQUIA,Medellín (CT),ARTÍCULO 239. HURTO PERSONAS,ESTADOS UNIDOS,MASCULINO,URBANA,ESTADOS UNIDOS
2023-04-07T00:00:00.000,COLOMBIA,MAGDALENA,Santa Marta (CT),ARTÍCULO 239. HURTO RESIDENCIAS,URUGUAY,FEMENINO,URBANA,URUGUAY
2023-04-09T00:00:00.000,COLOMBIA,ANTIOQUIA,Guatapé,ARTÍCULO 239. HURTO PERSONAS,ESTADOS UNIDOS,MASCULINO,URBANA,ESTADOS UNIDOS
2023-04-09T00:00:00.000,COLOMBIA,MAGDALENA,Santa Marta (CT),ARTÍCULO 239. HURTO PERSONAS,-,FEMENINO,URBANA,-
2023-04-15T00:00:00.000,COLOMBIA,NARIÑO,Pasto (CT),ARTÍCULO 239. HURTO PERSONAS,ECUADOR,MASCULINO,URBANA,ECUADOR
2023-04-24T00:00:00.000,COLOMBIA,BOLÍVAR,Cartagena (CT),ARTÍCULO 239. HURTO PERSONAS,ESPAÑA,MASCULINO,URBANA,ESPAÑA
2023-04-24T00:00:00.000,COLOMBIA,GUAJIRA,Dibulla,ARTÍCULO 239. HURTO PERSONAS,REINO UNIDO,FEMENINO,RURAL,REINO UNIDO
2023-04-24T00:00:00.000,COLOMBIA,GUAJIRA,Dibulla,RECUPERACION,REINO UNIDO,FEMENINO,RURAL,REINO UNIDO
2023-04-30T00:00:00.000,COLOMBIA,QUINDÍO,Salento,ARTÍCULO 239. HURTO PERSONAS,FRANCIA,MASCULINO,URBANA,FRANCIA
2023-05-09T00:00:00.000,COLOMBIA,VALLE,Cali (CT),ARTÍCULO 239. HURTO PERSONAS,ISRAEL,MASCULINO,URBANA,ISRAEL
